w_q,k,f_r0,Omega_star,lambda_star,deltaOmega_over_Omega0,deltaLambda_over_lambda0,omega_re,omega_im,delta_omega_re,delta_omega_im
-1.0,-0.02,0.5133333333333334,0.24441161395694158,0.24441161395694158,0.27,0.27,0.9776464558277663,-0.12220580697847079,0.20784609690826528,-0.02598076211353316
-1.0,-0.018518518518518517,0.5,0.2405626121623441,0.2405626121623441,0.25,0.25,0.9622504486493764,-0.12028130608117205,0.19245008972987532,-0.024056261216234415
-1.0,-0.017037037037037038,0.4866666666666667,0.23671361036774657,0.23671361036774657,0.22999999999999998,0.22999999999999998,0.9468544414709863,-0.11835680518387329,0.17705408255148525,-0.022131760318935656
-1.0,-0.015555555555555555,0.4733333333333334,0.23286460857314906,0.23286460857314906,0.20999999999999996,0.20999999999999996,0.9314584342925962,-0.11643230428657453,0.16165807537309518,-0.020207259421636897
-1.0,-0.014074074074074076,0.4600000000000001,0.22901560677855154,0.22901560677855154,0.18999999999999995,0.18999999999999995,0.9160624271142062,-0.11450780338927577,0.1462620681947051,-0.01828275852433814
-1.0,-0.012592592592592593,0.4466666666666667,0.22516660498395405,0.22516660498395405,0.16999999999999993,0.16999999999999993,0.9006664199358162,-0.11258330249197702,0.13086606101631515,-0.016358257627039394
-1.0,-0.011111111111111112,0.43333333333333335,0.22131760318935653,0.22131760318935653,0.1499999999999999,0.1499999999999999,0.8852704127574261,-0.11065880159467827,0.11547005383792508,-0.014433756729740635
-1.0,-0.00962962962962963,0.42000000000000004,0.21746860139475901,0.21746860139475901,0.1299999999999999,0.1299999999999999,0.8698744055790361,-0.10873430069737951,0.10007404665953501,-0.012509255832441876
-1.0,-0.00814814814814815,0.40666666666666673,0.21361959960016155,0.21361959960016155,0.1100000000000001,0.1100000000000001,0.8544783984006462,-0.10680979980008078,0.08467803948114516,-0.010584754935143145
-1.0,-0.006666666666666668,0.39333333333333337,0.20977059780556406,0.20977059780556406,0.09000000000000008,0.09000000000000008,0.8390823912222563,-0.10488529890278203,0.0692820323027552,-0.0086602540378444
-1.0,-0.005185185185185187,0.38000000000000006,0.20592159601096655,0.20592159601096655,0.07000000000000006,0.07000000000000006,0.8236863840438662,-0.10296079800548327,0.05388602512436513,-0.006735753140545642
-1.0,-0.0037037037037037056,0.3666666666666667,0.20207259421636903,0.20207259421636903,0.050000000000000044,0.050000000000000044,0.8082903768654761,-0.10103629710818451,0.038490017945975064,-0.004811252243246883
-1.0,-0.0022222222222222227,0.3533333333333334,0.19822359242177154,0.19822359242177154,0.030000000000000027,0.030000000000000027,0.7928943696870862,-0.09911179621088577,0.023094010767585105,-0.002886751345948138
-1.0,-0.0007407407407407432,0.3400000000000001,0.19437459062717402,0.19437459062717402,0.010000000000000009,0.010000000000000009,0.7774983625086961,-0.09718729531358701,0.007698003589195035,-0.0009622504486493794
-1.0,0.0007407407407407397,0.3266666666666667,0.1905255888325765,0.1905255888325765,-0.010000000000000009,-0.010000000000000009,0.762102355330306,-0.09526279441628825,-0.007698003589195035,0.0009622504486493794
-1.0,0.002222222222222219,0.3133333333333334,0.186676587037979,0.186676587037979,-0.029999999999999916,-0.029999999999999916,0.746706348151916,-0.0933382935189895,-0.023094010767584994,0.002886751345948124
-1.0,0.003703703703703702,0.30000000000000004,0.18282758524338152,0.18282758524338152,-0.04999999999999982,-0.04999999999999982,0.7313103409735261,-0.09141379262169076,-0.03849001794597495,0.004811252243246869
-1.0,0.005185185185185185,0.2866666666666667,0.17897858344878398,0.17897858344878398,-0.07000000000000006,-0.07000000000000006,0.7159143337951359,-0.08948929172439199,-0.05388602512436513,0.006735753140545642
-1.0,0.0066666666666666645,0.2733333333333334,0.1751295816541865,0.1751295816541865,-0.08999999999999997,-0.08999999999999997,0.700518326616746,-0.08756479082709324,-0.06928203230275509,0.008660254037844387
-1.0,0.008148148148148147,0.26,0.171280579859589,0.171280579859589,-0.10999999999999988,-0.10999999999999988,0.685122319438356,-0.0856402899297945,-0.08467803948114505,0.010584754935143131
-1.0,0.009629629629629627,0.24666666666666673,0.16743157806499148,0.16743157806499148,-0.13,-0.13,0.6697263122599659,-0.08371578903249574,-0.10007404665953512,0.01250925583244189
-1.0,0.01111111111111111,0.2333333333333334,0.163582576270394,0.16358257627039396,-0.1499999999999999,-0.15000000000000002,0.654330305081576,-0.08179128813519698,-0.11547005383792508,0.014433756729740649
-1.0,0.01259259259259259,0.22000000000000006,0.15973357447579647,0.15973357447579647,-0.16999999999999993,-0.16999999999999993,0.6389342979031859,-0.07986678723789824,-0.13086606101631515,0.016358257627039394
-1.0,0.014074074074074069,0.20666666666666675,0.15588457268119899,0.15588457268119899,-0.18999999999999984,-0.18999999999999984,0.6235382907247959,-0.07794228634059949,-0.1462620681947051,0.01828275852433814
-1.0,0.015555555555555555,0.19333333333333336,0.15203557088660147,0.15203557088660147,-0.20999999999999996,-0.20999999999999996,0.6081422835464059,-0.07601778544330073,-0.16165807537309518,0.020207259421636897
-1.0,0.017037037037037035,0.18000000000000005,0.14818656909200395,0.14818656909200395,-0.22999999999999998,-0.22999999999999998,0.5927462763680158,-0.07409328454600198,-0.17705408255148525,0.022131760318935656
-1.0,0.018518518518518514,0.16666666666666674,0.14433756729740643,0.14433756729740643,-0.2500000000000001,-0.2500000000000001,0.5773502691896257,-0.07216878364870322,-0.19245008972987532,0.024056261216234415
-1.0,0.02,0.15333333333333335,0.14048856550280894,0.14048856550280894,-0.27,-0.27,0.5619542620112358,-0.07024428275140447,-0.20784609690826528,0.02598076211353316
-0.9753086419753086,-0.02,0.4992653494226297,0.24035053680804153,0.24208082273359027,0.24889802413394446,0.25788885353795976,0.9614021472321661,-0.12104041136679514,0.19160178831266506,-0.024815366501857505
-0.9753086419753086,-0.018518518518518517,0.4869740889715707,0.2368023555429922,0.23840447214072252,0.23046113345735608,0.23878597549811098,0.9472094221719688,-0.11920223607036126,0.17740906325246775,-0.02297719120542363
-0.9753086419753086,-0.017037037037037038,0.47468282852051175,0.23325417427794282,0.23472812154785475,0.21202424278076748,0.2196830974582622,0.9330166971117713,-0.11736406077392737,0.16321633819227022,-0.02113901590898974
-0.9753086419753086,-0.015555555555555555,0.46239156806945275,0.2297059930128935,0.23105177095498694,0.1935873521041791,0.2005802194184132,0.918823972051574,-0.11552588547749347,0.1490236131320729,-0.01930084061255584
-0.9753086419753086,-0.014074074074074076,0.45010030761839376,0.22615781174784416,0.2273754203621192,0.17515046142759072,0.18147734137856442,0.9046312469913766,-0.1136877101810596,0.1348308880718756,-0.017462665316121964
-0.9753086419753086,-0.012592592592592593,0.43780904716733476,0.22260963048279478,0.22369906976925139,0.15671357075100212,0.1623744633387154,0.8904385219311791,-0.11184953488462569,0.12063816301167807,-0.015624490019688062
-0.9753086419753086,-0.011111111111111112,0.42551778671627577,0.2190614492177454,0.22002271917638364,0.13827668007441352,0.14327158529886663,0.8762457968709816,-0.11001135958819182,0.10644543795148054,-0.013786314723254187
-0.9753086419753086,-0.00962962962962963,0.41322652626521683,0.21551326795269607,0.21634636858351583,0.11983978939782514,0.12416870725901763,0.8620530718107843,-0.10817318429175792,0.09225271289128323,-0.011948139426820284
-0.9753086419753086,-0.00814814814814815,0.40093526581415784,0.21196508668764674,0.21267001799064805,0.10140289872123676,0.10506582921916885,0.847860346750587,-0.10633500899532403,0.07805998783108592,-0.010109964130386395
-0.9753086419753086,-0.006666666666666668,0.38864400536309884,0.20841690542259736,0.2089936673977803,0.08296600804464815,0.08596295117932007,0.8336676216903894,-0.10449683369889015,0.06386726277088839,-0.00827178883395252
-0.9753086419753086,-0.005185185185185187,0.37635274491203985,0.204868724157548,0.2053173168049125,0.06452911736805977,0.06686007313947107,0.819474896630192,-0.10265865840245625,0.04967453771069097,-0.006433613537518618
-0.9753086419753086,-0.0037037037037037056,0.36406148446098086,0.20132054289249865,0.20164096621204472,0.04609222669147117,0.047757195099622285,0.8052821715699946,-0.10082048310602236,0.03548181265049355,-0.004595438241084729
-0.9753086419753086,-0.0022222222222222227,0.35177022400992186,0.1977723616274493,0.19796461561917691,0.027655336014882792,0.028654317059773282,0.7910894465097972,-0.09898230780958846,0.02128908759029613,-0.0027572629446508262
-0.9753086419753086,-0.0007407407407407432,0.33947896355886287,0.19422418036239994,0.19428826502630916,0.00921844533829419,0.009551439019924501,0.7768967214495998,-0.09714413251315458,0.00709636253009871,-0.0009190876482169513
-0.9753086419753086,0.0007407407407407397,0.3271877031078039,0.19067599909735058,0.1906119144334414,-0.00921844533829419,-0.00955143901992439,0.7627039963894023,-0.0953059572167207,-0.00709636253009871,0.0009190876482169374
-0.9753086419753086,0.002222222222222219,0.31489644265674493,0.18712781783230123,0.1869355638405736,-0.02765533601488268,-0.02865431705977317,0.7485112713292049,-0.0934677819202868,-0.02128908759029613,0.0027572629446508262
-0.9753086419753086,0.003703703703703702,0.3026051822056859,0.18357963656725187,0.1832592132477058,-0.04609222669147117,-0.047757195099622285,0.7343185462690075,-0.0916296066238529,-0.03548181265049355,0.004595438241084729
-0.9753086419753086,0.005185185185185185,0.2903139217546269,0.18003145530220252,0.17958286265483803,-0.06452911736805966,-0.06686007313947107,0.7201258212088101,-0.08979143132741901,-0.04967453771069097,0.006433613537518618
-0.9753086419753086,0.0066666666666666645,0.27802266130356795,0.17648327403715316,0.17590651206197025,-0.08296600804464815,-0.08596295117931996,0.7059330961486127,-0.08795325603098512,-0.06386726277088839,0.008271788833952506
-0.9753086419753086,0.008148148148148147,0.26573140085250896,0.1729350927721038,0.17223016146910247,-0.10140289872123665,-0.10506582921916885,0.6917403710884152,-0.08611508073455124,-0.07805998783108581,0.010109964130386395
-0.9753086419753086,0.009629629629629627,0.25344014040144996,0.16938691150705446,0.1685538108762347,-0.11983978939782514,-0.12416870725901774,0.6775476460282178,-0.08427690543811735,-0.09225271289128323,0.011948139426820284
-0.9753086419753086,0.01111111111111111,0.24114887995039097,0.1658387302420051,0.1648774602833669,-0.13827668007441363,-0.14327158529886674,0.6633549209680204,-0.08243873014168344,-0.10644543795148065,0.013786314723254187
-0.9753086419753086,0.01259259259259259,0.228857619499332,0.16229054897695575,0.16120110969049914,-0.15671357075100212,-0.1623744633387154,0.649162195907823,-0.08060055484524957,-0.12063816301167807,0.015624490019688062
-0.9753086419753086,0.014074074074074069,0.21656635904827304,0.15874236771190642,0.1575247590976314,-0.1751504614275905,-0.18147734137856408,0.6349694708476257,-0.0787623795488157,-0.13483088807187538,0.017462665316121936
-0.9753086419753086,0.015555555555555555,0.204275098597214,0.15519418644685704,0.15384840850476358,-0.1935873521041791,-0.2005802194184132,0.6207767457874281,-0.07692420425238179,-0.1490236131320729,0.01930084061255584
-0.9753086419753086,0.017037037037037035,0.19198383814615502,0.1516460051818077,0.1501720579118958,-0.21202424278076748,-0.21968309745826198,0.6065840207272308,-0.0750860289559479,-0.16321633819227022,0.021139015908989728
-0.9753086419753086,0.018518518518518514,0.17969257769509606,0.14809782391675835,0.146495707319028,-0.23046113345735597,-0.23878597549811098,0.5923912956670334,-0.073247853659514,-0.17740906325246764,0.02297719120542363
-0.9753086419753086,0.02,0.16740131724403703,0.144549642651709,0.14281935672616022,-0.24889802413394446,-0.2578888535379599,0.578198570606836,-0.07140967836308011,-0.19160178831266506,0.02481536650185752
-0.9506172839506173,-0.02,0.48629685535254724,0.23660685503686843,0.23971620202236316,0.22944528302882072,0.2456019239005347,0.9464274201474737,-0.11985810101118158,0.17662706122797267,-0.023633056146243947
-0.9506172839506173,-0.018518518518518517,0.47496622409186473,0.23333598353264673,0.23621500851921592,0.21244933613779704,0.2274091887967915,0.9333439341305869,-0.11810750425960796,0.16354357521108587,-0.02188245939467033
-0.9506172839506173,-0.017037037037037038,0.4636355928311823,0.23006511202842503,0.23271381501606866,0.19545338924677336,0.2092164536930481,0.9202604481137001,-0.11635690750803433,0.15046008919419906,-0.0201318626430967
-0.9506172839506173,-0.015555555555555555,0.4523049615704997,0.2267942405242033,0.22921262151292143,0.17845744235574945,0.1910237185893049,0.9071769620968132,-0.11460631075646072,0.13737660317731215,-0.018381265891523085
-0.9506172839506173,-0.014074074074074076,0.44097433030981725,0.22352336901998157,0.22571142800977415,0.16146149546472577,0.17283098348556147,0.8940934760799263,-0.11285571400488707,0.12429311716042524,-0.01663066913994944
-0.9506172839506173,-0.012592592592592593,0.4296436990491347,0.22025249751575987,0.22221023450662694,0.14446554857370209,0.15463824838181828,0.8810099900630395,-0.11110511725331347,0.11120963114353843,-0.01488007238837584
-0.9506172839506173,-0.011111111111111112,0.41831306778845223,0.21698162601153814,0.21870904100347965,0.12746960168267818,0.13644551327807486,0.8679265040461526,-0.10935452050173983,0.09812614512665152,-0.013129475636802196
-0.9506172839506173,-0.00962962962962963,0.40698243652776966,0.21371075450731644,0.21520784750033242,0.1104736547916545,0.11825277817433166,0.8548430180292658,-0.10760392375016621,0.08504265910976472,-0.01137887888522858
-0.9506172839506173,-0.00814814814814815,0.3956518052670872,0.21043988300309474,0.21170665399718516,0.09347770790063081,0.10006004307058824,0.841759532012379,-0.10585332699859258,0.07195917309287791,-0.00962828213365495
-0.9506172839506173,-0.006666666666666668,0.3843211740064047,0.20716901149887298,0.20820546049403788,0.07648176100960691,0.08186730796684483,0.8286760459954919,-0.10410273024701894,0.05887568707599089,-0.007877685382081306
-0.9506172839506173,-0.005185185185185187,0.3729905427457222,0.20389813999465128,0.20470426699089064,0.059485814118583225,0.06367457286310163,0.8155925599786051,-0.10235213349544532,0.04579220105910409,-0.0061270886305076905
-0.9506172839506173,-0.0037037037037037056,0.3616599114850397,0.20062726849042953,0.20120307348774338,0.04248986722755932,0.04548183775935821,0.8025090739617181,-0.10060153674387169,0.03270871504221706,-0.004376491878934061
-0.9506172839506173,-0.0022222222222222227,0.35032928022435716,0.19735639698620783,0.19770187998459615,0.025493920336535636,0.027289102655615016,0.7894255879448313,-0.09885093999229808,0.01962522902533026,-0.0026258951273604447
-0.9506172839506173,-0.0007407407407407432,0.33899864896367465,0.19408552548198613,0.19420068648144886,0.008497973445511953,0.009096367551871598,0.7763421019279445,-0.09710034324072443,0.006541743008443457,-0.000875298375786801
-0.9506172839506173,0.0007407407407407397,0.32766801770299214,0.1908146539777644,0.19069949297830166,-0.008497973445511953,-0.009096367551871487,0.7632586159110576,-0.09534974648915083,-0.006541743008443457,0.000875298375786801
-0.9506172839506173,0.002222222222222219,0.31633738644230963,0.1875437824735427,0.1871982994751544,-0.025493920336535636,-0.027289102655614905,0.7501751298941708,-0.0935991497375772,-0.01962522902533026,0.002625895127360431
-0.9506172839506173,0.003703703703703702,0.3050067551816271,0.18427291096932097,0.18369710597200714,-0.04248986722755943,-0.04548183775935821,0.7370916438772839,-0.09184855298600357,-0.032708715042217174,0.004376491878934061
-0.9506172839506173,0.005185185185185185,0.2936761239209446,0.18100203946509924,0.18019591246885988,-0.059485814118583225,-0.06367457286310163,0.724008157860397,-0.09009795623442994,-0.04579220105910409,0.0061270886305076905
-0.9506172839506173,0.0066666666666666645,0.2823454926602621,0.17773116796087754,0.17669471896571262,-0.07648176100960691,-0.08186730796684494,0.7109246718435102,-0.08834735948285631,-0.05887568707599089,0.00787768538208132
-0.9506172839506173,0.008148148148148147,0.2710148613995796,0.1744602964566558,0.17319352546256536,-0.0934777079006307,-0.10006004307058824,0.6978411858266232,-0.08659676273128268,-0.0719591730928778,0.00962828213365495
-0.9506172839506173,0.009629629629629627,0.2596842301388971,0.17118942495243408,0.16969233195941813,-0.1104736547916545,-0.11825277817433155,0.6847576998097363,-0.08484616597970907,-0.08504265910976472,0.011378878885228566
-0.9506172839506173,0.01111111111111111,0.24835359887821457,0.16791855344821238,0.16619113845627087,-0.12746960168267818,-0.13644551327807486,0.6716742137928495,-0.08309556922813544,-0.09812614512665152,0.013129475636802196
-0.9506172839506173,0.01259259259259259,0.23702296761753205,0.16464768194399065,0.1626899449531236,-0.14446554857370197,-0.15463824838181817,0.6585907277759626,-0.0813449724765618,-0.11120963114353843,0.014880072388375826
-0.9506172839506173,0.014074074074074069,0.22569233635684957,0.16137681043976895,0.15918875144997638,-0.16146149546472566,-0.17283098348556136,0.6455072417590758,-0.07959437572498819,-0.12429311716042524,0.01663066913994944
-0.9506172839506173,0.015555555555555555,0.21436170509616703,0.15810593893554722,0.15568755794682912,-0.17845744235574956,-0.19102371858930478,0.6324237557421889,-0.07784377897341456,-0.13737660317731215,0.01838126589152307
-0.9506172839506173,0.017037037037037035,0.20303107383548452,0.15483506743132552,0.15218636444368186,-0.19545338924677325,-0.2092164536930481,0.6193402697253021,-0.07609318222184093,-0.15046008919419895,0.0201318626430967
-0.9506172839506173,0.018518518518518514,0.19170044257480204,0.1515641959271038,0.14868517094053463,-0.21244933613779704,-0.22740918879679128,0.6062567837084152,-0.07434258547026731,-0.16354357521108587,0.021882459394670317
-0.9506172839506173,0.02,0.1803698113141195,0.14829332442288207,0.14518397743738737,-0.22944528302882083,-0.2456019239005347,0.5931732976915283,-0.07259198871869368,-0.17662706122797278,0.023633056146243947
-0.9259259259259259,-0.02,0.4743419199820424,0.23315576245971567,0.23734358887225068,0.21151287997306345,0.23327346433243212,0.9326230498388627,-0.11867179443612534,0.16282269091936163,-0.02244674957118771
-0.9259259259259259,-0.018518518518518517,0.4638968394895454,0.23014052744269045,0.23401814449133398,0.19584525923431806,0.21599394845595565,0.9205621097707618,-0.11700907224566699,0.15076175085126076,-0.02078402738072936
-0.9259259259259259,-0.017037037037037038,0.4534517589970485,0.22712529242566526,0.2306927001104173,0.18017763849557267,0.19871443257947918,0.908501169702661,-0.11534635005520864,0.13870081078316,-0.019121305190271012
-0.9259259259259259,-0.015555555555555555,0.4430066785045515,0.22411005740864,0.2273672557295006,0.16451001775682705,0.1814349167030027,0.89644022963456,-0.1136836278647503,0.126639870715059,-0.017458582999812663
-0.9259259259259259,-0.014074074074074076,0.4325615980120545,0.2210948223916148,0.22404181134858392,0.14884239701808166,0.16415540082652647,0.8843792895664592,-0.11202090567429196,0.11457893064695812,-0.01579586080935433
-0.9259259259259259,-0.012592592592592593,0.4221165175195576,0.2180795873745896,0.22071636696766722,0.13317477627933627,0.14687588495005,0.8723183494983584,-0.11035818348383361,0.10251799057885735,-0.01413313861889598
-0.9259259259259259,-0.011111111111111112,0.4116714370270606,0.21506435235756438,0.21739092258675052,0.11750715554059088,0.12959636907357353,0.8602574094302575,-0.10869546129337526,0.09045705051075648,-0.01247041642843763
-0.9259259259259259,-0.00962962962962963,0.4012263565345636,0.2120491173405392,0.21406547820583383,0.10183953480184549,0.11231685319709706,0.8481964693621568,-0.10703273910291691,0.07839611044265571,-0.010807694237979282
-0.9259259259259259,-0.00814814814814815,0.3907812760420667,0.20903388232351394,0.21074003382491713,0.08617191406309987,0.09503733732062059,0.8361355292940558,-0.10537001691245856,0.06633517037455472,-0.009144972047520933
-0.9259259259259259,-0.006666666666666668,0.3803361955495697,0.20601864730648872,0.2074145894440004,0.07050429332435448,0.07775782144414412,0.8240745892259549,-0.1037072947220002,0.05427423030645384,-0.00748224985706257
-0.9259259259259259,-0.005185185185185187,0.36989111505707273,0.20300341228946353,0.2040891450630837,0.05483667258560909,0.060478305567667645,0.8120136491578541,-0.10204457253154185,0.042213290238353074,-0.005819527666604221
-0.9259259259259259,-0.0037037037037037056,0.3594460345645758,0.1999881772724383,0.200763700682167,0.0391690518468637,0.043198789691191175,0.7999527090897532,-0.1003818503410835,0.030152350170252196,-0.004156805476145872
-0.9259259259259259,-0.0022222222222222227,0.3490009540720788,0.19697294225541306,0.1974382563012503,0.023501431108118087,0.025919273814714705,0.7878917690216523,-0.09871912815062515,0.018091410102151206,-0.0024940832856875234
-0.9259259259259259,-0.0007407407407407432,0.3385558735795819,0.19395770723838787,0.1941128119203336,0.007833810369372696,0.008639757938238235,0.7758308289535515,-0.0970564059601668,0.006030470034050439,-0.0008313610952291745
-0.9259259259259259,0.0007407407407407397,0.3281107930870849,0.19094247222136265,0.1907873675394169,-0.007833810369372696,-0.008639757938238235,0.7637698888854506,-0.09539368376970846,-0.006030470034050439,0.0008313610952291745
-0.9259259259259259,0.002222222222222219,0.3176657125945879,0.18792723720433746,0.18746192315850022,-0.023501431108118087,-0.025919273814714705,0.7517089488173498,-0.09373096157925011,-0.018091410102151206,0.0024940832856875234
-0.9259259259259259,0.003703703703703702,0.307220632102091,0.18491200218731224,0.18413647877758352,-0.03916905184686348,-0.043198789691191175,0.739648008749249,-0.09206823938879176,-0.030152350170252085,0.004156805476145872
-0.9259259259259259,0.005185185185185185,0.296775551609594,0.181896767170287,0.18081103439666682,-0.05483667258560909,-0.060478305567667645,0.727587068681148,-0.09040551719833341,-0.042213290238353074,0.005819527666604221
-0.9259259259259259,0.0066666666666666645,0.28633047111709703,0.1788815321532618,0.17748559001575012,-0.07050429332435448,-0.077757821444144,0.7155261286130472,-0.08874279500787506,-0.05427423030645384,0.00748224985706257
-0.9259259259259259,0.008148148148148147,0.27588539062460005,0.17586629713623658,0.17416014563483342,-0.08617191406309987,-0.09503733732062047,0.7034651885449463,-0.08708007281741671,-0.06633517037455472,0.009144972047520919
-0.9259259259259259,0.009629629629629627,0.2654403101321031,0.17285106211921136,0.17083470125391673,-0.10183953480184538,-0.11231685319709694,0.6914042484768455,-0.08541735062695836,-0.0783961104426556,0.010807694237979268
-0.9259259259259259,0.01111111111111111,0.25499522963960614,0.16983582710218617,0.16750925687300003,-0.11750715554059066,-0.12959636907357341,0.6793433084087447,-0.08375462843650001,-0.09045705051075636,0.012470416428437617
-0.9259259259259259,0.01259259259259259,0.2445501491471092,0.16682059208516092,0.16418381249208333,-0.13317477627933627,-0.14687588495004988,0.6672823683406437,-0.08209190624604167,-0.10251799057885735,0.014133138618895966
-0.9259259259259259,0.014074074074074069,0.23410506865461225,0.16380535706813573,0.16085836811116663,-0.14884239701808166,-0.16415540082652635,0.6552214282725429,-0.08042918405558332,-0.11457893064695812,0.015795860809354315
-0.9259259259259259,0.015555555555555555,0.22365998816211524,0.1607901220511105,0.15753292373024994,-0.16451001775682716,-0.18143491670300282,0.643160488204442,-0.07876646186512497,-0.126639870715059,0.017458582999812663
-0.9259259259259259,0.017037037037037035,0.21321490766961831,0.15777488703408526,0.15420747934933324,-0.18017763849557267,-0.19871443257947918,0.6310995481363411,-0.07710373967466662,-0.13870081078316,0.019121305190271012
-0.9259259259259259,0.018518518518518514,0.20276982717712136,0.15475965201706007,0.15088203496841654,-0.19584525923431806,-0.21599394845595565,0.6190386080682403,-0.07544101748420827,-0.15076175085126076,0.02078402738072936
-0.9259259259259259,0.02,0.19232474668462435,0.15174441700003485,0.14755659058749981,-0.21151287997306356,-0.23327346433243223,0.6069776680001394,-0.07377829529374991,-0.16282269091936163,0.022446749571187724
-0.9012345679012346,-0.02,0.4633213281584585,0.2299743916317281,0.23498449504066315,0.19498199223768764,0.22101525320403637,0.9198975665269123,-0.11749224752033158,0.1500972076074113,-0.021267202655393946
-0.9012345679012346,-0.018518518518518517,0.45369258780104177,0.22719481371307235,0.2318337983509752,0.18053888170156274,0.20464375296670045,0.9087792548522894,-0.1159168991754876,0.13897889593278834,-0.01969185431054997
-0.9012345679012346,-0.017037037037037038,0.44406384744362515,0.22441523579441655,0.2286831016612872,0.1660957711654376,0.18827225272936432,0.8976609431776662,-0.1143415508306436,0.12786058425816516,-0.018116505965705965
-0.9012345679012346,-0.015555555555555555,0.43443510708620847,0.22163565787576078,0.2255324049715992,0.15165266062931249,0.1719007524920284,0.8865426315030431,-0.1127662024857996,0.11674227258354208,-0.016541157620861974
-0.9012345679012346,-0.014074074074074076,0.4248063667287918,0.21885607995710502,0.2223817082819112,0.13720955009318758,0.15552925225469227,0.8754243198284201,-0.1111908541409556,0.10562396090891901,-0.014965809276017969
-0.9012345679012346,-0.012592592592592593,0.4151776263713751,0.21607650203844928,0.21923101159222322,0.12276643955706268,0.13915775201735636,0.8643060081537971,-0.10961550579611161,0.09450564923429605,-0.013390460931173978
-0.9012345679012346,-0.011111111111111112,0.40554888601395844,0.2132969241197935,0.2160803149025352,0.10832332902093755,0.12278625178002023,0.853187696479174,-0.1080401574512676,0.08338733755967298,-0.011815112586329973
-0.9012345679012346,-0.00962962962962963,0.39592014565654177,0.21051734620113774,0.21292961821284723,0.09388021848481265,0.10641475154268432,0.842069384804551,-0.10646480910642361,0.07226902588504991,-0.010239764241485982
-0.9012345679012346,-0.00814814814814815,0.3862914052991251,0.20773776828248197,0.20977892152315922,0.07943710794868752,0.09004325130534818,0.8309510731299279,-0.10488946076157961,0.06115071421042684,-0.008664415896641978
-0.9012345679012346,-0.006666666666666668,0.3766626649417084,0.20495819036382623,0.20662822483347126,0.06499399741256262,0.07367175106801227,0.8198327614553049,-0.10331411241673563,0.05003240253580388,-0.007089067551798001
-0.9012345679012346,-0.005185185185185187,0.36703392458429174,0.20217861244517044,0.20347752814378325,0.050550886876437495,0.057300250830676136,0.8087144497806817,-0.10173876407189163,0.038914090861180695,-0.005513719206953996
-0.9012345679012346,-0.0037037037037037056,0.35740518422687506,0.1993990345265147,0.20032683145409524,0.03610777634031259,0.04092875059334,0.7975961381060588,-0.10016341572704762,0.027795779186557734,-0.003938370862109991
-0.9012345679012346,-0.0022222222222222227,0.3477764438694584,0.1966194566078589,0.19717613476440726,0.021664665804187466,0.02455725035600409,0.7864778264314356,-0.09858806738220363,0.01667746751193455,-0.002363022517266
-0.9012345679012346,-0.0007407407407407432,0.3381477035120417,0.19383987868920316,0.19402543807471925,0.007221555268062563,0.008185750118667956,0.7753595147568126,-0.09701271903735963,0.005559155837311591,-0.0007876741724219954
-0.9012345679012346,0.0007407407407407397,0.32851896315462503,0.1910603007705474,0.19087474138503127,-0.007221555268062452,-0.008185750118667956,0.7642412030821896,-0.09543737069251564,-0.00555915583731148,0.0007876741724219954
-0.9012345679012346,0.002222222222222219,0.31889022279720836,0.18828072285189162,0.1877240446953433,-0.021664665804187466,-0.02455725035600398,0.7531228914075665,-0.09386202234767164,-0.01667746751193455,0.0023630225172659863
-0.9012345679012346,0.003703703703703702,0.3092614824397917,0.18550114493323586,0.18457334800565528,-0.03610777634031248,-0.04092875059334011,0.7420045797329434,-0.09228667400282764,-0.027795779186557623,0.003938370862109991
-0.9012345679012346,0.005185185185185185,0.299632742082375,0.1827215670145801,0.18142265131596727,-0.050550886876437495,-0.057300250830676136,0.7308862680583204,-0.09071132565798364,-0.038914090861180695,0.005513719206953996
-0.9012345679012346,0.0066666666666666645,0.2900040017249583,0.17994198909592432,0.1782719546262793,-0.06499399741256251,-0.07367175106801216,0.7197679563836973,-0.08913597731313964,-0.050032402535803766,0.007089067551797987
-0.9012345679012346,0.008148148148148147,0.28037526136754165,0.17716241117726855,0.1751212579365913,-0.07943710794868752,-0.09004325130534818,0.7086496447090742,-0.08756062896829565,-0.06115071421042684,0.008664415896641978
-0.9012345679012346,0.009629629629629627,0.270746521010125,0.17438283325861278,0.1719705612469033,-0.09388021848481254,-0.1064147515426842,0.6975313330344511,-0.08598528062345165,-0.07226902588504991,0.010239764241485982
-0.9012345679012346,0.01111111111111111,0.2611177806527083,0.17160325533995702,0.16881986455721532,-0.10832332902093766,-0.12278625178002023,0.6864130213598281,-0.08440993227860766,-0.08338733755967298,0.011815112586329973
-0.9012345679012346,0.01259259259259259,0.2514890402952917,0.16882367742130128,0.16566916786752733,-0.12276643955706246,-0.13915775201735614,0.6752947096852051,-0.08283458393376367,-0.09450564923429594,0.013390460931173964
-0.9012345679012346,0.014074074074074069,0.241860299937875,0.1660440995026455,0.16251847117783932,-0.13720955009318747,-0.15552925225469227,0.664176398010582,-0.08125923558891966,-0.10562396090891901,0.014965809276017969
-0.9012345679012346,0.015555555555555555,0.2322315595804583,0.16326452158398974,0.15936777448815131,-0.1516526606293126,-0.1719007524920284,0.653058086335959,-0.07968388724407566,-0.11674227258354208,0.016541157620861974
-0.9012345679012346,0.017037037037037035,0.22260281922304165,0.16048494366533397,0.15621707779846333,-0.1660957711654376,-0.18827225272936443,0.6419397746613359,-0.07810853889923167,-0.12786058425816516,0.018116505965705965
-0.9012345679012346,0.018518518518518514,0.21297407886562497,0.15770536574667823,0.15306638110877535,-0.1805388817015624,-0.20464375296670034,0.6308214629867129,-0.07653319055438768,-0.13897889593278812,0.019691854310549955
-0.9012345679012346,0.02,0.20334533850820827,0.15492578782802244,0.14991568441908737,-0.19498199223768764,-0.22101525320403637,0.6197031513120898,-0.07495784220954368,-0.1500972076074113,0.021267202655393946
-0.8765432098765432,-0.02,0.4531620558263224,0.22704166232386336,0.23265666381945813,0.17974308373948356,0.20891948736431964,0.9081666492954534,-0.11632833190972906,0.13836629037595238,-0.020103287044791432
-0.8765432098765432,-0.018518518518518517,0.4442858541601751,0.22447932361319756,0.22967839907208162,0.1664287812402625,0.19344396978177758,0.8979172944527902,-0.11483919953604081,0.12811693553328918,-0.01861415467110318
-0.8765432098765432,-0.017037037037037038,0.43540965249402774,0.22191698490253176,0.22670013432470512,0.15311447874104145,0.1779684521992353,0.887667939610127,-0.11335006716235256,0.11786758069062597,-0.01712502229741493
-0.8765432098765432,-0.015555555555555555,0.4265334508278804,0.219354646191866,0.2237218695773286,0.13980017624182062,0.162492934616693,0.877418584767464,-0.1118609347886643,0.10761822584796299,-0.015635889923726665
-0.8765432098765432,-0.014074074074074076,0.4176572491617331,0.2167923074812002,0.22074360482995212,0.12648587374259956,0.14701741703415094,0.8671692299248008,-0.11037180241497606,0.09736887100529978,-0.014146757550038427
-0.8765432098765432,-0.012592592592592593,0.40878104749558575,0.21422996877053443,0.2177653400825756,0.11317157124337851,0.13154189945160866,0.8569198750821377,-0.1088826700412878,0.08711951616263669,-0.012657625176350162
-0.8765432098765432,-0.011111111111111112,0.3999048458294384,0.21166763005986863,0.21478707533519908,0.09985726874415746,0.11606638186906659,0.8466705202394745,-0.10739353766759954,0.07687016131997348,-0.011168492802661911
-0.8765432098765432,-0.00962962962962963,0.3910286441632911,0.2091052913492029,0.21180881058782258,0.08654296624493663,0.1005908642865243,0.8364211653968116,-0.10590440529391129,0.0666208064773105,-0.00967936042897366
-0.8765432098765432,-0.00814814814814815,0.38215244249714375,0.2065429526385371,0.20883054584044605,0.07322866374571557,0.08511534670398202,0.8261718105541483,-0.10441527292022303,0.056371451634647296,-0.008190228055285395
-0.8765432098765432,-0.006666666666666668,0.3732762408309964,0.20398061392787128,0.20585228109306955,0.05991436124649452,0.06963982912143996,0.8159224557114851,-0.10292614054653478,0.04612209679198409,-0.006701095681597144
-0.8765432098765432,-0.005185185185185187,0.3644000391648491,0.2014182752172055,0.20287401634569305,0.046600058747273465,0.05416431153889767,0.805673100868822,-0.10143700817284652,0.035872741949320996,-0.005211963307908893
-0.8765432098765432,-0.0037037037037037056,0.3555238374987017,0.19885593650653974,0.19989575159831655,0.033285756248052634,0.038688793956355605,0.795423746026159,-0.09994787579915827,0.025623387106657902,-0.0037228309342206417
-0.8765432098765432,-0.0022222222222222227,0.34664763583255437,0.19629359779587396,0.19691748685094002,0.01997145374883158,0.02321327637381332,0.7851743911834959,-0.09845874342547001,0.015374032263994808,-0.0022336985605323767
-0.8765432098765432,-0.0007407407407407432,0.33777143416640704,0.19373125908520816,0.1939392221035635,0.006657151249610527,0.007737758791271032,0.7749250363408327,-0.09696961105178176,0.005124677421331603,-0.0007445661868441256
-0.8765432098765432,0.0007407407407407397,0.3288952325002597,0.19116892037454236,0.190960957356187,-0.006657151249610527,-0.007737758791271032,0.7646756814981694,-0.0954804786780935,-0.005124677421331603,0.0007445661868441256
-0.8765432098765432,0.002222222222222219,0.3200190308341124,0.1886065816638766,0.1879826926088105,-0.01997145374883147,-0.023213276373813208,0.7544263266555064,-0.09399134630440525,-0.015374032263994697,0.0022336985605323767
-0.8765432098765432,0.003703703703703702,0.31114282916796504,0.1860442429532108,0.18500442786143398,-0.033285756248052634,-0.038688793956355605,0.7441769718128431,-0.09250221393071699,-0.025623387106657902,0.0037228309342206417
-0.8765432098765432,0.005185185185185185,0.3022666275018177,0.183481904242545,0.18202616311405748,-0.046600058747273576,-0.05416431153889778,0.73392761697018,-0.09101308155702874,-0.035872741949320996,0.005211963307908893
-0.8765432098765432,0.0066666666666666645,0.2933904258356704,0.18091956553187924,0.17904789836668097,-0.05991436124649452,-0.06963982912143984,0.723678262127517,-0.08952394918334049,-0.04612209679198409,0.006701095681597144
-0.8765432098765432,0.008148148148148147,0.28451422416952304,0.17835722682121344,0.17606963361930447,-0.07322866374571557,-0.08511534670398202,0.7134289072848538,-0.08803481680965224,-0.056371451634647296,0.008190228055285395
-0.8765432098765432,0.009629629629629627,0.2756380225033757,0.17579488811054766,0.17309136887192794,-0.08654296624493651,-0.10059086428652442,0.7031795524421907,-0.08654568443596397,-0.06662080647731039,0.00967936042897366
-0.8765432098765432,0.01111111111111111,0.2667618208372283,0.1732325493998819,0.17011310412455144,-0.09985726874415746,-0.11606638186906659,0.6929301975995276,-0.08505655206227572,-0.07687016131997348,0.011168492802661911
-0.8765432098765432,0.01259259259259259,0.257885619171081,0.1706702106892161,0.16713483937717494,-0.11317157124337851,-0.13154189945160866,0.6826808427568644,-0.08356741968858747,-0.08711951616263669,0.012657625176350162
-0.8765432098765432,0.014074074074074069,0.24900941750493372,0.16810787197855032,0.16415657462979844,-0.12648587374259945,-0.14701741703415083,0.6724314879142013,-0.08207828731489922,-0.09736887100529978,0.014146757550038414
-0.8765432098765432,0.015555555555555555,0.24013321583878633,0.16554553326788454,0.1611783098824219,-0.1398001762418204,-0.16249293461669323,0.6621821330715382,-0.08058915494121095,-0.10761822584796288,0.01563588992372668
-0.8765432098765432,0.017037037037037035,0.231257014172639,0.16298319455721874,0.1582000451350454,-0.15311447874104156,-0.1779684521992353,0.651932778228875,-0.0791000225675227,-0.11786758069062608,0.01712502229741493
-0.8765432098765432,0.018518518518518514,0.22238081250649167,0.16042085584655297,0.1552217803876689,-0.1664287812402625,-0.19344396978177747,0.6416834233862119,-0.07761089019383445,-0.12811693553328918,0.01861415467110318
-0.8765432098765432,0.02,0.21350461084034433,0.15785851713588717,0.1522435156402924,-0.17974308373948356,-0.20891948736431964,0.6314340685435487,-0.0761217578201462,-0.13836629037595238,0.020103287044791432
-0.8518518518518519,-0.02,0.4437967861592582,0.22433814184220688,0.23037456322972644,0.1656951792388872,0.19706134485612514,0.8973525673688275,-0.11518728161486322,0.12755220844932647,-0.018962236749925587
-0.8518518518518519,-0.018518518518518517,0.4356143081721527,0.22197606390796012,0.22756534297047823,0.15342146225822906,0.182464208200116,0.8879042556318405,-0.11378267148523911,0.11810389671233945,-0.017557626620301484
-0.8518518518518519,-0.017037037037037038,0.42743183018504716,0.21961398597371332,0.22475612271122997,0.14114774527757068,0.16786707154410663,0.8784559438948533,-0.11237806135561498,0.10865558497535222,-0.016153016490677352
-0.8518518518518519,-0.015555555555555555,0.41924935219794157,0.2172519080394665,0.22194690245198176,0.1288740282969123,0.15326993488809748,0.869007632157866,-0.11097345122599088,0.09920727323836498,-0.014748406361053248
-0.8518518518518519,-0.014074074074074076,0.41106687421083604,0.21488983010521975,0.2191376821927335,0.11660031131625415,0.1386727982320881,0.859559320420879,-0.10956884109636675,0.08975896150137797,-0.013343796231429117
-0.8518518518518519,-0.012592592592592593,0.4028843962237305,0.21252775217097297,0.21632846193348526,0.10432659433559577,0.12407566157607874,0.8501110086838919,-0.10816423096674263,0.08031064976439084,-0.011939186101805
-0.8518518518518519,-0.011111111111111112,0.394701918236625,0.21016567423672616,0.21351924167423705,0.09205287735493739,0.1094785249200696,0.8406626969469047,-0.10675962083711853,0.0708623380274036,-0.010534575972180896
-0.8518518518518519,-0.00962962962962963,0.3865194402495194,0.20780359630247935,0.2107100214149888,0.07977916037427901,0.09488138826406023,0.8312143852099174,-0.1053550107074944,0.06141402629041637,-0.009129965842556764
-0.8518518518518519,-0.00814814814814815,0.37833696226241387,0.2054415183682326,0.20790080115574058,0.06750544339362086,0.08028425160805108,0.8217660734729304,-0.10395040057787029,0.051965714553429354,-0.0077253557129326605
-0.8518518518518519,-0.006666666666666668,0.37015448427530834,0.20307944043398582,0.20509158089649232,0.05523172641296248,0.06568711495204171,0.8123177617359433,-0.10254579044824616,0.04251740281644223,-0.006320745583308529
-0.8518518518518519,-0.005185185185185187,0.3619720062882028,0.200717362499739,0.2022823606372441,0.0429580094323041,0.05108997829603257,0.802869449998956,-0.10114118031862206,0.03306909107945499,-0.004916135453684425
-0.8518518518518519,-0.0037037037037037056,0.3537895283010972,0.19835528456549223,0.19947314037799585,0.030684292451645723,0.0364928416400232,0.7934211382619689,-0.09973657018899793,0.023620779342467868,-0.003511525324060294
-0.8518518518518519,-0.0022222222222222227,0.3456070503139917,0.19599320663124545,0.1966639201187476,0.018410575470987567,0.02189570498401383,0.7839728265249818,-0.0983319600593738,0.014172467605480743,-0.0021069151944361625
-0.8518518518518519,-0.0007407407407407432,0.33742457232688616,0.19363112869699867,0.19385469985949938,0.006136858490329189,0.007298568328004684,0.7745245147879947,-0.09692734992974969,0.004724155868493618,-0.0007023050648120588
-0.8518518518518519,0.0007407407407407397,0.3292420943397806,0.19126905076275186,0.19104547960025114,-0.006136858490329189,-0.007298568328004684,0.7650762030510074,-0.09552273980012557,-0.004724155868493618,0.0007023050648120588
-0.8518518518518519,0.002222222222222219,0.32105961635267505,0.18890697282850508,0.18823625934100294,-0.018410575470987456,-0.02189570498401372,0.7556278913140203,-0.09411812967050147,-0.014172467605480743,0.0021069151944361625
-0.8518518518518519,0.003703703703703702,0.3128771383655695,0.1865448948942583,0.18542703908175467,-0.030684292451645834,-0.0364928416400232,0.7461795795770332,-0.09271351954087734,-0.023620779342467868,0.003511525324060294
-0.8518518518518519,0.005185185185185185,0.30469466037846393,0.18418281696001151,0.18261781882250644,-0.0429580094323041,-0.05108997829603246,0.7367312678400461,-0.09130890941125322,-0.03306909107945499,0.0049161354536844115
-0.8518518518518519,0.0066666666666666645,0.29651218239135846,0.18182073902576473,0.1798085985632582,-0.05523172641296237,-0.06568711495204171,0.7272829561030589,-0.0899042992816291,-0.04251740281644212,0.006320745583308529
-0.8518518518518519,0.008148148148148147,0.2883297044042529,0.17945866109151792,0.17699937830400997,-0.06750544339362086,-0.08028425160805097,0.7178346443660717,-0.08849968915200498,-0.051965714553429354,0.007725355712932647
-0.8518518518518519,0.009629629629629627,0.28014722641714734,0.17709658315727117,0.17419015804476173,-0.0797791603742789,-0.09488138826406023,0.7083863326290847,-0.08709507902238087,-0.06141402629041637,0.009129965842556764
-0.8518518518518519,0.01111111111111111,0.2719647484300418,0.17473450522302436,0.17138093778551347,-0.09205287735493739,-0.10947852492006971,0.6989380208920974,-0.08569046889275674,-0.0708623380274036,0.010534575972180896
-0.8518518518518519,0.01259259259259259,0.26378227044293623,0.17237242728877758,0.16857171752626526,-0.10432659433559566,-0.12407566157607874,0.6894897091551103,-0.08428585876313263,-0.08031064976439073,0.011939186101805
-0.8518518518518519,0.014074074074074069,0.2555997924558307,0.1700103493545308,0.16576249726701703,-0.11660031131625392,-0.138672798232088,0.6800413974181232,-0.08288124863350851,-0.08975896150137785,0.013343796231429117
-0.8518518518518519,0.015555555555555555,0.24741731446872514,0.16764827142028402,0.1629532770077688,-0.1288740282969122,-0.15326993488809737,0.6705930856811361,-0.0814766385038844,-0.09920727323836498,0.014748406361053235
-0.8518518518518519,0.017037037037037035,0.2392348364816196,0.1652861934860372,0.16014405674852056,-0.14114774527757068,-0.16786707154410663,0.6611447739441488,-0.08007202837426028,-0.10865558497535222,0.016153016490677352
-0.8518518518518519,0.018518518518518514,0.23105235849451408,0.16292411555179043,0.15733483648927232,-0.15342146225822895,-0.18246420820011588,0.6516964622071617,-0.07866741824463616,-0.11810389671233934,0.01755762662030147
-0.8518518518518519,0.02,0.22286988050740852,0.16056203761754362,0.15452561623002406,-0.16569517923888744,-0.19706134485612525,0.6422481504701745,-0.07726280811501203,-0.12755220844932658,0.0189622367499256
-0.8271604938271605,-0.02,0.43516346350883667,0.22184591626409597,0.22814982236585618,0.1527451952632548,0.1855012522264312,0.8873836650563839,-0.11407491118292809,0.11758330613688284,-0.01784986631799046
-0.8271604938271605,-0.018518518518518517,0.42762049090324383,0.2196684476319315,0.22550539772615386,0.1414307363548657,0.17176041872817693,0.878673790527726,-0.11275269886307693,0.10887343160822494,-0.016527653998139297
-0.8271604938271605,-0.017037037037037038,0.420077518297651,0.217490978999767,0.22286097308645159,0.13011627744647636,0.15801958522992288,0.869963915999068,-0.11143048654322579,0.10016355707956692,-0.015205441678288162
-0.8271604938271605,-0.015555555555555555,0.41253454569205816,0.21531351036760252,0.22021654844674932,0.11880181853808724,0.14427875173166882,0.8612540414704101,-0.11010827422337466,0.09145368255090902,-0.013883229358437027
-0.8271604938271605,-0.014074074074074076,0.40499157308646533,0.213136041735438,0.21757212380704702,0.10748735962969791,0.13053791823341454,0.852544166941752,-0.10878606190352351,0.0827438080222509,-0.012561017038585878
-0.8271604938271605,-0.012592592592592593,0.3974486004808725,0.21095857310327348,0.21492769916734475,0.09617290072130857,0.11679708473516048,0.8438342924130939,-0.10746384958367237,0.07403393349359289,-0.011238804718734743
-0.8271604938271605,-0.011111111111111112,0.38990562787527966,0.208781104471109,0.21228327452764242,0.08485844181291946,0.1030562512369062,0.835124417884436,-0.10614163726382121,0.06532405896493498,-0.00991659239888358
-0.8271604938271605,-0.00962962962962963,0.3823626552696868,0.2066036358389445,0.20963884988794015,0.07354398290453013,0.08931541773865215,0.826414543355778,-0.10481942494397008,0.05661418443627697,-0.008594380079032446
-0.8271604938271605,-0.00814814814814815,0.374819682664094,0.20442616720678003,0.20699442524823786,0.06222952399614101,0.07557458424039787,0.8177046688271201,-0.10349721262411893,0.04790430990761907,-0.007272167759181297
-0.8271604938271605,-0.006666666666666668,0.36727671005850115,0.2022486985746155,0.2043500006085356,0.050915065087751676,0.06183375074214381,0.808994794298462,-0.1021750003042678,0.039194435378960946,-0.005949955439330162
-0.8271604938271605,-0.005185185185185187,0.3597337374529083,0.200071229942451,0.20170557596883326,0.03960060617936234,0.04809291724388953,0.800284919769804,-0.10085278798441663,0.030484560850302933,-0.004627743119479
-0.8271604938271605,-0.0037037037037037056,0.3521907648473155,0.19789376131028652,0.199061151329131,0.028286147270973228,0.034352083745635476,0.7915750452411461,-0.0995305756645655,0.02177468632164503,-0.003305530799627865
-0.8271604938271605,-0.0022222222222222227,0.34464779224172265,0.19571629267812202,0.1964167266894287,0.016971688362583892,0.020611250247381196,0.7828651707124881,-0.09820836334471435,0.013064811792987019,-0.001983318479776716
-0.8271604938271605,-0.0007407407407407432,0.3371048196361298,0.19353882404595749,0.19377230204972642,0.005657229454194557,0.0068704167491271395,0.7741552961838299,-0.09688615102486321,0.004354937264328895,-0.0006611061599255813
-0.8271604938271605,0.0007407407407407397,0.329561847030537,0.191361355413793,0.19112787741002413,-0.005657229454194668,-0.0068704167491270285,0.765445421655172,-0.09556393870501206,-0.004354937264329006,0.0006611061599255674
-0.8271604938271605,0.002222222222222219,0.32201887442494415,0.1891838867816285,0.18848345277032183,-0.016971688362583892,-0.020611250247381196,0.756735547126514,-0.09424172638516091,-0.013064811792987019,0.001983318479776716
-0.8271604938271605,0.003703703703703702,0.3144759018193513,0.18700641814946403,0.18583902813061956,-0.028286147270973006,-0.03435208374563525,0.7480256725978561,-0.09291951406530978,-0.02177468632164492,0.003305530799627851
-0.8271604938271605,0.005185185185185185,0.3069329292137584,0.18482894951729953,0.18319460349091726,-0.03960060617936234,-0.04809291724388953,0.7393157980691981,-0.09159730174545863,-0.030484560850302933,0.004627743119479
-0.8271604938271605,0.0066666666666666645,0.29938995660816564,0.18265148088513503,0.18055017885121497,-0.050915065087751565,-0.0618337507421437,0.7306059235405401,-0.09027508942560748,-0.039194435378960946,0.0059499554393301485
-0.8271604938271605,0.008148148148148147,0.29184698400257275,0.18047401225297052,0.17790575421151267,-0.0622295239961409,-0.07557458424039787,0.7218960490118821,-0.08895287710575633,-0.04790430990761896,0.007272167759181297
-0.8271604938271605,0.009629629629629627,0.28430401139697997,0.17829654362080602,0.1752613295718104,-0.07354398290453013,-0.08931541773865193,0.7131861744832241,-0.0876306647859052,-0.05661418443627697,0.008594380079032432
-0.8271604938271605,0.01111111111111111,0.2767610387913871,0.17611907498864154,0.1726169049321081,-0.08485844181291935,-0.1030562512369062,0.7044762999545662,-0.08630845246605405,-0.06532405896493487,0.00991659239888358
-0.8271604938271605,0.01259259259259259,0.26921806618579425,0.173941606356477,0.1699724802924058,-0.09617290072130869,-0.11679708473516037,0.695766425425908,-0.0849862401462029,-0.074033933493593,0.01123880471873473
-0.8271604938271605,0.014074074074074069,0.26167509358020147,0.17176413772431254,0.1673280556527035,-0.10748735962969791,-0.13053791823341454,0.6870565508972502,-0.08366402782635175,-0.0827438080222509,0.012561017038585878
-0.8271604938271605,0.015555555555555555,0.2541321209746086,0.16958666909214803,0.16468363101300124,-0.11880181853808713,-0.1442787517316686,0.6783466763685921,-0.08234181550650062,-0.09145368255090891,0.013883229358437013
-0.8271604938271605,0.017037037037037035,0.24658914836901577,0.16740920045998353,0.16203920637329894,-0.13011627744647647,-0.15801958522992288,0.6696368018399341,-0.08101960318664947,-0.10016355707956692,0.015205441678288162
-0.8271604938271605,0.018518518518518514,0.23904617576342294,0.16523173182781903,0.15939478173359664,-0.1414307363548657,-0.17176041872817704,0.6609269273112761,-0.07969739086679832,-0.10887343160822494,0.01652765399813931
-0.8271604938271605,0.02,0.23150320315783007,0.16305426319565453,0.15675035709389434,-0.15274519526325492,-0.1855012522264312,0.6522170527826181,-0.07837517854694717,-0.11758330613688295,0.01784986631799046
-0.8024691358024691,-0.02,0.4272048822147598,0.21954847173784459,0.2259916169797943,0.14080732332213963,0.1742868880809474,0.8781938869513783,-0.11299580848989715,0.1083935280318773,-0.016770763624959523
-0.8024691358024691,-0.018518518518518517,0.4202514341494689,0.2175411841816987,0.22350705940572624,0.13037715122420335,0.16137674822309944,0.8701647367267948,-0.11175352970286312,0.10036437780729379,-0.015528484837925488
-0.8024691358024691,-0.017037037037037038,0.4132979860841781,0.21553389662555283,0.22102250183165817,0.11994697912626706,0.1484666083652515,0.8621355865022113,-0.11051125091582908,0.09233522758271029,-0.014286206050891453
-0.8024691358024691,-0.015555555555555555,0.40634453801888726,0.21352660906940696,0.21853794425759007,0.10951680702833078,0.13555646850740355,0.8541064362776278,-0.10926897212879504,0.08430607735812679,-0.013043927263857405
-0.8024691358024691,-0.014074074074074076,0.3993910899535964,0.21151932151326108,0.216053386683522,0.09908663493039449,0.1226463286495556,0.8460772860530443,-0.108026693341761,0.07627692713354328,-0.01180164847682337
-0.8024691358024691,-0.012592592592592593,0.39243764188830554,0.2095120339571152,0.21356882910945393,0.0886564628324582,0.10973618879170766,0.8380481358284608,-0.10678441455472697,0.06824777690895978,-0.010559369689789336
-0.8024691358024691,-0.011111111111111112,0.3854841938230147,0.2075047464009693,0.21108427153538586,0.07822629073452192,0.09682604893385971,0.8300189856038772,-0.10554213576769293,0.060218626684376164,-0.009317090902755301
-0.8024691358024691,-0.00962962962962963,0.3785307457577239,0.20549745884482348,0.20859971396131777,0.06779611863658586,0.08391590907601176,0.8219898353792939,-0.10429985698065888,0.05218947645979288,-0.008074812115721253
-0.8024691358024691,-0.00814814814814815,0.37157729769243303,0.2034901712886776,0.2061151563872497,0.05736594653864957,0.07100576921816382,0.8139606851547104,-0.10305757819362485,0.04416032623520938,-0.006832533328687218
-0.8024691358024691,-0.006666666666666668,0.36462384962714217,0.20148288373253173,0.20363059881318163,0.046935774440713285,0.05809562936031587,0.8059315349301269,-0.10181529940659081,0.036131176010625876,-0.0055902545416531835
-0.8024691358024691,-0.005185185185185187,0.3576704015618513,0.19947559617638583,0.20114604123911356,0.036505602342777,0.045185489502467924,0.7979023847055433,-0.10057302061955678,0.028102025786042262,-0.004347975754619149
-0.8024691358024691,-0.0037037037037037056,0.3507169534965605,0.19746830862023995,0.19866148366504546,0.026075430244840714,0.03227534964461998,0.7898732344809598,-0.09933074183252273,0.02007287556145876,-0.0031056969675851004
-0.8024691358024691,-0.0022222222222222227,0.34376350543126966,0.19546102106409408,0.1961769260909774,0.01564525814690443,0.01936520978677203,0.7818440842563763,-0.0980884630454887,0.012043725336875255,-0.0018634181805510658
-0.8024691358024691,-0.0007407407407407432,0.3368100573659788,0.1934537335079482,0.19369236851690932,0.005215086048968143,0.006455069928924084,0.7738149340317928,-0.09684618425845466,0.004014575112291752,-0.0006211393935170312
-0.8024691358024691,0.0007407407407407397,0.32985660930068794,0.19144644595180232,0.19120781094284123,-0.005215086048968143,-0.006455069928923973,0.7657857838072093,-0.09560390547142061,-0.004014575112291752,0.0006211393935170173
-0.8024691358024691,0.002222222222222219,0.32290316123539714,0.18943915839565645,0.18872325336877316,-0.01564525814690443,-0.01936520978677181,0.7577566335826258,-0.09436162668438658,-0.012043725336875255,0.001863418180551052
-0.8024691358024691,0.003703703703703702,0.3159497131701063,0.18743187083951057,0.18623869579470506,-0.026075430244840714,-0.032275349644619866,0.7497274833580423,-0.09311934789735253,-0.02007287556145876,0.0031056969675851004
-0.8024691358024691,0.005185185185185185,0.3089962651048154,0.1854245832833647,0.183754138220637,-0.03650560234277689,-0.04518548950246781,0.7416983331334588,-0.0918770691103185,-0.028102025786042262,0.004347975754619135
-0.8024691358024691,0.0066666666666666645,0.30204281703952457,0.18341729572721882,0.18126958064656892,-0.046935774440713174,-0.05809562936031576,0.7336691829088753,-0.09063479032328446,-0.036131176010625765,0.00559025454165317
-0.8024691358024691,0.008148148148148147,0.2950893689742337,0.18141000817107295,0.17878502307250085,-0.05736594653864946,-0.0710057692181636,0.7256400326842918,-0.08939251153625043,-0.04416032623520927,0.006832533328687204
-0.8024691358024691,0.009629629629629627,0.2881359209089429,0.17940272061492707,0.17630046549843276,-0.06779611863658574,-0.08391590907601165,0.7176108824597083,-0.08815023274921638,-0.05218947645979277,0.008074812115721253
-0.8024691358024691,0.01111111111111111,0.28118247284365205,0.1773954330587812,0.1738159079243647,-0.07822629073452203,-0.0968260489338596,0.7095817322351248,-0.08690795396218234,-0.060218626684376275,0.009317090902755287
-0.8024691358024691,0.01259259259259259,0.2742290247783612,0.17538814550263532,0.17133135035029662,-0.08865646283245832,-0.10973618879170755,0.7015525820105413,-0.08566567517514831,-0.06824777690895978,0.010559369689789322
-0.8024691358024691,0.014074074074074069,0.26727557671307034,0.17338085794648944,0.16884679277622855,-0.09908663493039449,-0.12264632864955538,0.6935234317859578,-0.08442339638811427,-0.07627692713354328,0.011801648476823356
-0.8024691358024691,0.015555555555555555,0.2603221286477795,0.17137357039034357,0.16636223520216045,-0.10951680702833078,-0.13555646850740344,0.6854942815613743,-0.08318111760108023,-0.08430607735812679,0.013043927263857405
-0.8024691358024691,0.017037037037037035,0.2533686805824887,0.1693662828341977,0.16387767762809236,-0.11994697912626706,-0.1484666083652515,0.6774651313367908,-0.08193883881404618,-0.09233522758271029,0.014286206050891453
-0.8024691358024691,0.018518518518518514,0.24641523251719782,0.16735899527805181,0.1613931200540243,-0.13037715122420335,-0.16137674822309933,0.6694359811122073,-0.08069656002701216,-0.10036437780729379,0.015528484837925474
-0.8024691358024691,0.02,0.23946178445190697,0.16535170772190594,0.15890856247995622,-0.14080732332213963,-0.1742868880809474,0.6614068308876238,-0.07945428123997811,-0.1083935280318773,0.016770763624959523
-0.7777777777777778,-0.02,0.4198683075517779,0.21743058505954338,0.22390700977464253,0.1298024613276667,0.16345495130150622,0.8697223402381735,-0.11195350488732127,0.09992198131867247,-0.015728460022383636
-0.7777777777777778,-0.018518518518518517,0.41345830946152273,0.2155801779980865,0.22157686754910424,0.12018746419228399,0.1513471771310244,0.862320711992346,-0.11078843377455212,0.0925203530728449,-0.014563388909614491
-0.7777777777777778,-0.017037037037037038,0.4070483113712676,0.2137297709366296,0.2192467253235659,0.11057246705690127,0.13923940296054238,0.8549190837465184,-0.10962336266178295,0.08511872482701732,-0.013398317796845319
-0.7777777777777778,-0.015555555555555555,0.40063831328101246,0.2118793638751727,0.21691658309802758,0.10095746992151855,0.12713162879006035,0.8475174555006908,-0.10845829154901379,0.07771709658118975,-0.01223324668407616
-0.7777777777777778,-0.014074074074074076,0.3942283151907573,0.2100289568137158,0.2145864408724893,0.09134247278613583,0.11502385461957854,0.8401158272548632,-0.10729322043624465,0.07031546833536217,-0.011068175571307015
-0.7777777777777778,-0.012592592592592593,0.38781831710050213,0.20817854975225888,0.21225629864695095,0.08172747565075311,0.1029160804490965,0.8327141990090355,-0.10612814932347547,0.06291384008953449,-0.009903104458537842
-0.7777777777777778,-0.011111111111111112,0.38140831901024697,0.206328142690802,0.20992615642141266,0.07211247851537039,0.09080830627861469,0.825312570763208,-0.10496307821070633,0.055512211843706916,-0.008738033345768698
-0.7777777777777778,-0.00962962962962963,0.37499832091999186,0.2044777356293451,0.2075960141958743,0.062497481379987674,0.07870053210813266,0.8179109425173804,-0.10379800709793716,0.04811058359787934,-0.007572962232999525
-0.7777777777777778,-0.00814814814814815,0.3685883228297367,0.2026273285678882,0.205265871970336,0.052882484244604955,0.06659275793765063,0.8105093142715528,-0.102632935985168,0.04070895535205177,-0.006407891120230366
-0.7777777777777778,-0.006666666666666668,0.3621783247394815,0.2007769215064313,0.2029357297447977,0.043267487109222236,0.054484983767168815,0.8031076860257252,-0.10146786487239885,0.033307327106224194,-0.005242820007461221
-0.7777777777777778,-0.005185185185185187,0.3557683266492264,0.19892651444497442,0.20060558751925936,0.03365248997383952,0.04237720959668678,0.7957060577798977,-0.10030279375962968,0.02590569886039662,-0.004077748894692049
-0.7777777777777778,-0.0037037037037037056,0.34935832855897125,0.1970761073835175,0.19827544529372107,0.024037492838456798,0.03026943542620497,0.78830442953407,-0.09913772264686053,0.018504070614568935,-0.002912677781922904
-0.7777777777777778,-0.0022222222222222227,0.3429483304687161,0.1952257003220606,0.19594530306818275,0.014422495703074079,0.01816166125572294,0.7809028012882424,-0.09797265153409138,0.011102442368741361,-0.001747606669153745
-0.7777777777777778,-0.0007407407407407432,0.336538332378461,0.1933752932606037,0.1936151608426444,0.0048074985676913595,0.0060538870852409055,0.7735011730424148,-0.0968075804213222,0.003700814122913787,-0.0005825355563845724
-0.7777777777777778,0.0007407407407407397,0.3301283342882058,0.19152488619914682,0.1912850186171061,-0.0048074985676913595,-0.0060538870852410165,0.7660995447965873,-0.09564250930855304,-0.003700814122913787,0.0005825355563845863
-0.7777777777777778,0.002222222222222219,0.32371833619795065,0.18967447913768992,0.18895487639156777,-0.014422495703074079,-0.01816166125572305,0.7586979165507597,-0.09447743819578389,-0.011102442368741361,0.001747606669153745
-0.7777777777777778,0.003703703703703702,0.3173083381076955,0.18782407207623303,0.18662473416602948,-0.024037492838456687,-0.03026943542620486,0.7512962883049321,-0.09331236708301474,-0.018504070614568935,0.00291267778192289
-0.7777777777777778,0.005185185185185185,0.3108983400174403,0.1859736650147761,0.18429459194049116,-0.03365248997383963,-0.04237720959668678,0.7438946600591044,-0.09214729597024558,-0.02590569886039662,0.004077748894692049
-0.7777777777777778,0.0066666666666666645,0.3044883419271852,0.1841232579533192,0.18196444971495282,-0.043267487109222236,-0.054484983767168815,0.7364930318132769,-0.09098222485747641,-0.033307327106224194,0.005242820007461221
-0.7777777777777778,0.008148148148148147,0.29807834383693005,0.18227285089186232,0.1796343074894145,-0.052882484244604955,-0.06659275793765085,0.7290914035674493,-0.08981715374470725,-0.04070895535205177,0.00640789112023038
-0.7777777777777778,0.009629629629629627,0.2916683457466749,0.18042244383040543,0.1773041652638762,-0.062497481379987674,-0.07870053210813266,0.7216897753216217,-0.0886520826319381,-0.04811058359787934,0.007572962232999525
-0.7777777777777778,0.01111111111111111,0.2852583476564198,0.17857203676894853,0.1749740230383379,-0.07211247851537039,-0.09080830627861458,0.7142881470757941,-0.08748701151916895,-0.055512211843706916,0.008738033345768684
-0.7777777777777778,0.01259259259259259,0.2788483495661646,0.17672162970749164,0.17264388081279958,-0.08172747565075311,-0.1029160804490965,0.7068865188299666,-0.08632194040639979,-0.06291384008953449,0.009903104458537842
-0.7777777777777778,0.014074074074074069,0.27243835147590945,0.17487122264603472,0.17031373858726126,-0.09134247278613594,-0.11502385461957843,0.6994848905841389,-0.08515686929363063,-0.07031546833536217,0.011068175571307001
-0.7777777777777778,0.015555555555555555,0.2660283533856543,0.17302081558457783,0.16798359636172294,-0.10095746992151855,-0.12713162879006046,0.6920832623383113,-0.08399179818086147,-0.07771709658118975,0.01223324668407616
-0.7777777777777778,0.017037037037037035,0.2596183552953992,0.17117040852312093,0.16565345413618462,-0.11057246705690127,-0.13923940296054238,0.6846816340924837,-0.08282672706809231,-0.08511872482701732,0.013398317796845319
-0.7777777777777778,0.018518518518518514,0.253208357205144,0.16932000146166404,0.1633233119106463,-0.12018746419228399,-0.1513471771310243,0.6772800058466562,-0.08166165595532315,-0.0925203530728449,0.014563388909614478
-0.7777777777777778,0.02,0.24679835911488884,0.16746959440020714,0.160993169685108,-0.1298024613276667,-0.16345495130150622,0.6698783776008286,-0.080496584842554,-0.09992198131867247,0.015728460022383636
-0.7530864197530864,-0.02,0.4131051263016766,0.21547822280188128,0.2219012503162497,0.11965768945251476,0.15303271943241148,0.8619128912075251,-0.11095062515812484,0.09211253228802407,-0.014725580293187213
-0.7530864197530864,-0.018518518518518517,0.40719610460031785,0.21377243516691788,0.21971968286540713,0.11079415690047667,0.14169696243741803,0.8550897406676715,-0.10985984143270357,0.08528938174817047,-0.013634796567765936
-0.7530864197530864,-0.017037037037037038,0.4012870828989591,0.21206664753195448,0.21753811541456458,0.10193062434843858,0.13036120544242458,0.8482665901278179,-0.10876905770728229,0.07846623120831686,-0.01254401284234466
-0.7530864197530864,-0.015555555555555555,0.39537806119760033,0.21036085989699108,0.21535654796372203,0.09306709179640049,0.11902544844743113,0.8414434395879643,-0.10767827398186101,0.07164308066846325,-0.011453229116923383
-0.7530864197530864,-0.014074074074074076,0.38946903949624156,0.20865507226202767,0.21317498051287948,0.0842035592443624,0.10768969145243767,0.8346202890481107,-0.10658749025643974,0.06481993012860965,-0.010362445391502106
-0.7530864197530864,-0.012592592592592593,0.3835600177948828,0.20694928462706422,0.21099341306203692,0.07534002669232409,0.09635393445744422,0.8277971385082569,-0.10549670653101846,0.05799677958875582,-0.00927166166608083
-0.7530864197530864,-0.011111111111111112,0.37765099609352404,0.20524349699210084,0.20881184561119437,0.066476494140286,0.08501817746245077,0.8209739879684034,-0.10440592280559718,0.051173629048902325,-0.008180877940659553
-0.7530864197530864,-0.00962962962962963,0.3717419743921653,0.20353770935713744,0.20663027816035182,0.05761296158824791,0.07368242046745732,0.8141508374285498,-0.10331513908017591,0.04435047850904872,-0.007090094215238277
-0.7530864197530864,-0.00814814814814815,0.3658329526908065,0.20183192172217404,0.20444871070950926,0.048749429036209824,0.06234666347246387,0.8073276868886962,-0.10222435535475463,0.03752732796919511,-0.005999310489817
-0.7530864197530864,-0.006666666666666668,0.3599239309894478,0.20012613408721058,0.2022671432586667,0.03988589648417151,0.05101090647747042,0.8005045363488423,-0.10113357162933335,0.030704177429341284,-0.004908526764395724
-0.7530864197530864,-0.005185185185185187,0.35401490928808904,0.19842034645224718,0.20008557580782416,0.031022363932133423,0.03967514948247697,0.7936813858089887,-0.10004278790391208,0.023881026889487678,-0.003817743038974447
-0.7530864197530864,-0.0037037037037037056,0.3481058875867303,0.19671455881728378,0.19790400835698166,0.022158831380095334,0.02833939248748374,0.7868582352691351,-0.09895200417849083,0.01705787634963407,-0.0027269593135531983
-0.7530864197530864,-0.0022222222222222227,0.3421968658853715,0.19500877118232038,0.19572244090613908,0.013295298828057245,0.017003635492490066,0.7800350847292815,-0.09786122045306954,0.010234725809780465,-0.0016361755881319079
-0.7530864197530864,-0.0007407407407407432,0.33628784418401275,0.19330298354735698,0.19354087345529655,0.004431766276019156,0.005667878497496837,0.7732119341894279,-0.09677043672764828,0.0034115752699268587,-0.0005453918627106452
-0.7530864197530864,0.0007407407407407397,0.330378822482654,0.19159719591239358,0.191359306004454,-0.004431766276018934,-0.0056678784974966145,0.7663887836495743,-0.095679653002227,-0.0034115752699267476,0.0005453918627106313
-0.7530864197530864,0.002222222222222219,0.3244698007812952,0.18989140827743017,0.18917773855361145,-0.013295298828057023,-0.017003635492490177,0.7595656331097207,-0.09458886927680572,-0.010234725809780354,0.0016361755881319079
-0.7530864197530864,0.003703703703703702,0.31856077907993646,0.18818562064246674,0.1869961711027689,-0.022158831380095334,-0.028339392487483628,0.752742482569867,-0.09349808555138445,-0.01705787634963407,0.0027269593135531844
-0.7530864197530864,0.005185185185185185,0.3126517573785777,0.18647983300750334,0.18481460365192634,-0.031022363932133423,-0.03967514948247708,0.7459193320300134,-0.09240730182596317,-0.023881026889487678,0.003817743038974461
-0.7530864197530864,0.0066666666666666645,0.306742735677219,0.1847740453725399,0.1826330362010838,-0.039885896484171623,-0.05101090647747053,0.7390961814901597,-0.0913165181005419,-0.030704177429341395,0.0049085267643957375
-0.7530864197530864,0.008148148148148147,0.30083371397586023,0.1830682577375765,0.18045146875024123,-0.04874942903620971,-0.06234666347246398,0.732273030950306,-0.09022573437512062,-0.037527327969195,0.005999310489817014
-0.7530864197530864,0.009629629629629627,0.29492469227450147,0.18136247010261308,0.1782699012993987,-0.057612961588248024,-0.07368242046745732,0.7254498804104523,-0.08913495064969935,-0.04435047850904872,0.007090094215238277
-0.7530864197530864,0.01111111111111111,0.2890156705731427,0.17965668246764968,0.17608833384855616,-0.06647649414028611,-0.08501817746245077,0.7186267298705987,-0.08804416692427808,-0.051173629048902325,0.008180877940659553
-0.7530864197530864,0.01259259259259259,0.28310664887178394,0.1779508948326863,0.1739067663977136,-0.07534002669232398,-0.09635393445744422,0.7118035793307452,-0.0869533831988568,-0.05799677958875582,0.00927166166608083
-0.7530864197530864,0.014074074074074069,0.2771976271704252,0.17624510719772288,0.17172519894687105,-0.08420355924436229,-0.10768969145243767,0.7049804287908915,-0.08586259947343552,-0.06481993012860954,0.010362445391502106
-0.7530864197530864,0.015555555555555555,0.2712886054690664,0.17453931956275948,0.1695436314960285,-0.09306709179640038,-0.11902544844743113,0.6981572782510379,-0.08477181574801425,-0.07164308066846314,0.011453229116923383
-0.7530864197530864,0.017037037037037035,0.26537958376770765,0.17283353192779605,0.16736206404518594,-0.10193062434843858,-0.13036120544242458,0.6913341277111842,-0.08368103202259297,-0.07846623120831686,0.01254401284234466
-0.7530864197530864,0.018518518518518514,0.25947056206634894,0.17112774429283265,0.1651804965943434,-0.11079415690047667,-0.14169696243741803,0.6845109771713306,-0.0825902482971717,-0.08528938174817047,0.013634796567765936
-0.7530864197530864,0.02,0.2535615403649901,0.16942195665786924,0.16299892914350084,-0.11965768945251476,-0.15303271943241148,0.677687826631477,-0.08149946457175042,-0.09211253228802407,0.014725580293187213
-0.728395061728395,-0.02,0.40687052463497303,0.2136784483266006,0.2199780389664153,0.11030578695245952,0.14303942011759263,0.8547137933064024,-0.10998901948320765,0.08491343438690135,-0.013763974618270017
-0.728395061728395,-0.018518518518518517,0.40142332527929603,0.21210597731943576,0.2179389316155605,0.10213498791894393,0.13244390751628954,0.848423909277743,-0.10896946580778025,0.07862355035824198,-0.012744420942842616
-0.728395061728395,-0.017037037037037038,0.39597612592361897,0.21053350631227088,0.2158998242647057,0.09396418888542835,0.12184839491498645,0.8421340252490835,-0.10794991213235285,0.07233366632958249,-0.011724867267415215
-0.728395061728395,-0.015555555555555555,0.39052892656794197,0.2089610353051061,0.21386071691385083,0.08579338985191298,0.11125288231368313,0.8358441412204244,-0.10693035845692542,0.06604378230092334,-0.010705313591987786
-0.728395061728395,-0.014074074074074076,0.38508172721226497,0.20738856429794122,0.21182160956299603,0.0776225908183974,0.10065736971238004,0.8295542571917649,-0.10591080478149802,0.05975389827226385,-0.009685759916560385
-0.728395061728395,-0.012592592592592593,0.37963452785658797,0.20581609329077638,0.20978250221214123,0.06945179178488181,0.09006185711107695,0.8232643731631055,-0.10489125110607062,0.053464014243604474,-0.008666206241132984
-0.728395061728395,-0.011111111111111112,0.37418732850091097,0.20424362228361156,0.20774339486128637,0.06128099275136645,0.07946634450977363,0.8169744891344463,-0.10387169743064319,0.04717413021494521,-0.007646652565705556
-0.728395061728395,-0.00962962962962963,0.36874012914523396,0.20267115127644672,0.20570428751043157,0.05311019371785086,0.06887083190847054,0.8106846051057869,-0.10285214375521579,0.04088424618628583,-0.006627098890278155
-0.728395061728395,-0.00814814814814815,0.36329292978955696,0.20109868026928188,0.20366518015957677,0.044939394684335277,0.05827531930716745,0.8043947210771275,-0.10183259007978838,0.03459436215762646,-0.005607545214850754
-0.728395061728395,-0.006666666666666668,0.3578457304338799,0.19952620926211706,0.2016260728087219,0.03676859565081991,0.047679806705864136,0.7981048370484682,-0.10081303640436096,0.028304478128967192,-0.004587991539423325
-0.728395061728395,-0.005185185185185187,0.3523985310782029,0.19795373825495222,0.1995869654578671,0.028597796617304327,0.037084294104561044,0.7918149530198089,-0.09979348272893356,0.022014594100307816,-0.003568437863995924
-0.728395061728395,-0.0037037037037037056,0.3469513317225259,0.19638126724778734,0.1975478581070123,0.020426997583788742,0.026488781503257952,0.7855250689911494,-0.09877392905350615,0.01572471007164833,-0.002548884188568523
-0.728395061728395,-0.0022222222222222227,0.3415041323668489,0.19480879624062253,0.19550875075615748,0.012256198550273378,0.015893268901954638,0.7792351849624901,-0.09775437537807874,0.009434826042989064,-0.0015293305131411083
-0.728395061728395,-0.0007407407407407432,0.3360569330111719,0.19323632523345768,0.19346964340530268,0.004085399516757793,0.005297756300651546,0.7729453009338307,-0.09673482170265134,0.003144942014329688,-0.0005097768377137074
-0.728395061728395,0.0007407407407407397,0.33060973365549484,0.19166385422629284,0.19143053605444785,-0.004085399516757793,-0.005297756300651657,0.7666554169051714,-0.09571526802722392,-0.003144942014329688,0.0005097768377137074
-0.728395061728395,0.002222222222222219,0.32516253429981784,0.190091383219128,0.18939142870359305,-0.012256198550273267,-0.015893268901954638,0.760365532876512,-0.09469571435179652,-0.009434826042989064,0.0015293305131411083
-0.728395061728395,0.003703703703703702,0.31971533494414084,0.18851891221196318,0.18735232135273824,-0.020426997583788742,-0.02648878150325773,0.7540756488478527,-0.09367616067636912,-0.01572471007164833,0.0025488841885685093
-0.728395061728395,0.005185185185185185,0.31426813558846384,0.1869464412047983,0.18531321400188341,-0.02859779661730444,-0.037084294104561044,0.7477857648191932,-0.09265660700094171,-0.022014594100307816,0.003568437863995924
-0.728395061728395,0.0066666666666666645,0.30882093623278684,0.1853739701976335,0.18327410665102858,-0.0367685956508198,-0.04767980670586425,0.741495880790534,-0.09163705332551429,-0.02830447812896708,0.004587991539423339
-0.728395061728395,0.008148148148148147,0.30337373687710983,0.18380149919046865,0.18123499930017378,-0.04493939468433539,-0.05827531930716734,0.7352059967618746,-0.09061749965008689,-0.03459436215762646,0.00560754521485074
-0.728395061728395,0.009629629629629627,0.29792653752143283,0.1822290281833038,0.17919589194931895,-0.05311019371785086,-0.06887083190847054,0.7289161127332152,-0.08959794597465948,-0.04088424618628583,0.006627098890278155
-0.728395061728395,0.01111111111111111,0.2924793381657558,0.180656557176139,0.17715678459846415,-0.061280992751366226,-0.07946634450977363,0.722626228704556,-0.08857839229923208,-0.0471741302149451,0.007646652565705556
-0.728395061728395,0.01259259259259259,0.2870321388100788,0.17908408616897412,0.17511767724760932,-0.06945179178488192,-0.09006185711107684,0.7163363446758965,-0.08755883862380466,-0.053464014243604585,0.00866620624113297
-0.728395061728395,0.014074074074074069,0.2815849394544018,0.1775116151618093,0.17307856989675452,-0.0776225908183974,-0.10065736971237993,0.7100464606472372,-0.08653928494837726,-0.05975389827226385,0.009685759916560371
-0.728395061728395,0.015555555555555555,0.27613774009872477,0.17593914415464446,0.1710394625458997,-0.08579338985191287,-0.11125288231368313,0.7037565766185778,-0.08551973127294984,-0.06604378230092323,0.010705313591987786
-0.728395061728395,0.017037037037037035,0.27069054074304777,0.1743666731474796,0.16900035519504486,-0.09396418888542846,-0.12184839491498634,0.6974666925899184,-0.08450017759752243,-0.0723336663295826,0.011724867267415201
-0.728395061728395,0.018518518518518514,0.26524334138737077,0.17279420214031477,0.16696124784419006,-0.10213498791894393,-0.13244390751628943,0.6911768085612591,-0.08348062392209503,-0.07862355035824198,0.012744420942842602
-0.728395061728395,0.02,0.2597961420316937,0.17122173113314992,0.16492214049333523,-0.11030578695245952,-0.14303942011759263,0.6848869245325997,-0.08246107024666761,-0.08491343438690135,0.013763974618270017
-0.7037037037037037,-0.02,0.40112319116791856,0.21201933606443737,0.21813975878635802,0.10168478675187775,0.13348743610637448,0.8480773442577495,-0.10906987939317901,0.07827698533824845,-0.01284483452824138
-0.7037037037037037,-0.018518518518518517,0.3961017202172085,0.2105697622618772,0.2162368203377297,0.09415258032581275,0.12359947787627279,0.8422790490475088,-0.10811841016886485,0.07247869012800778,-0.01189336530392722
-0.7037037037037037,-0.017037037037037038,0.39108024926649854,0.20912018845931707,0.21433388188910132,0.08662037389974775,0.11371151964617088,0.8364807538372683,-0.10716694094455066,0.06668039491776723,-0.010941896079613031
-0.7037037037037037,-0.015555555555555555,0.3860587783157885,0.2076706146567569,0.21243094344047295,0.07908816747368275,0.10382356141606897,0.8306824586270276,-0.10621547172023647,0.06088209970752656,-0.009990426855298842
-0.7037037037037037,-0.014074074074074076,0.3810373073650785,0.20622104085419676,0.21052800499184463,0.07155596104761774,0.09393560318596728,0.824884163416787,-0.10526400249592231,0.055083804497286004,-0.009038957630984681
-0.7037037037037037,-0.012592592592592593,0.3760158364143685,0.2047714670516366,0.20862506654321625,0.06402375462155274,0.08404764495586536,0.8190858682065464,-0.10431253327160812,0.04928550928704534,-0.008087488406670493
-0.7037037037037037,-0.011111111111111112,0.3709943654636585,0.20332189324907646,0.20672212809458793,0.05649154819548774,0.07415968672576367,0.8132875729963058,-0.10336106404729396,0.04348721407680478,-0.007136019182356332
-0.7037037037037037,-0.00962962962962963,0.36597289451294845,0.2018723194465163,0.20481918964595955,0.04895934176942274,0.06427172849566176,0.8074892777860652,-0.10240959482297977,0.037688918866564114,-0.006184549958042143
-0.7037037037037037,-0.00814814814814815,0.36095142356223847,0.2004227456439561,0.20291625119733123,0.04142713534335751,0.05438377026556007,0.8016909825758244,-0.10145812559866561,0.031890623656323336,-0.005233080733727982
-0.7037037037037037,-0.006666666666666668,0.35592995261152843,0.19897317184139596,0.20101331274870285,0.03389492891729251,0.04449581203545816,0.7958926873655838,-0.10050665637435142,0.02609232844608278,-0.0042816115094137935
-0.7037037037037037,-0.005185185185185187,0.35090848166081845,0.1975235980388358,0.19911037430007453,0.026362722491227508,0.03460785380535647,0.7900943921553432,-0.09955518715003726,0.020294033235842113,-0.0033301422850996326
-0.7037037037037037,-0.0037037037037037056,0.3458870107101084,0.19607402423627565,0.19720743585144615,0.018830516065162506,0.024719895575254558,0.7842960969451026,-0.09860371792572308,0.014495738025601557,-0.002378673060785444
-0.7037037037037037,-0.0022222222222222227,0.3408655397593984,0.19462445043371548,0.19530449740281777,0.011298309639097504,0.014831937345152646,0.7784978017348619,-0.09765224870140889,0.00869744281536089,-0.0014272038364712553
-0.7037037037037037,-0.0007407407407407432,0.3358440688086884,0.19317487663115535,0.19340155895418945,0.003766103213032501,0.004943979115050956,0.7726995065246214,-0.09670077947709473,0.0028991476051203335,-0.00047573461215709434
-0.7037037037037037,0.0007407407407407397,0.33082259785797835,0.19172530282859518,0.19149862050556107,-0.003766103213032501,-0.004943979115050956,0.7669012113143807,-0.09574931025278054,-0.0028991476051203335,0.00047573461215709434
-0.7037037037037037,0.002222222222222219,0.32580112690726837,0.19027572902603504,0.18959568205693272,-0.011298309639097504,-0.014831937345152757,0.7611029161041402,-0.09479784102846636,-0.00869744281536089,0.0014272038364712691
-0.7037037037037037,0.003703703703703702,0.32077965595655833,0.18882615522347487,0.18769274360830437,-0.018830516065162506,-0.024719895575254558,0.7553046208938995,-0.09384637180415219,-0.014495738025601557,0.002378673060785444
-0.7037037037037037,0.005185185185185185,0.31575818500584835,0.1873765814209147,0.18578980515967602,-0.02636272249122762,-0.03460785380535636,0.7495063256836588,-0.09289490257983801,-0.020294033235842224,0.0033301422850996187
-0.7037037037037037,0.0066666666666666645,0.3107367140551383,0.18592700761835457,0.18388686671104768,-0.03389492891729251,-0.04449581203545816,0.7437080304734183,-0.09194343335552384,-0.02609232844608278,0.0042816115094137935
-0.7037037037037037,0.008148148148148147,0.3057152431044283,0.1844774338157944,0.18198392826241933,-0.041427135343357624,-0.05438377026555996,0.7379097352631776,-0.09099196413120966,-0.03189062365632345,0.005233080733727968
-0.7037037037037037,0.009629629629629627,0.3006937721537183,0.18302786001323426,0.18008098981379098,-0.048959341769422515,-0.06427172849566176,0.732111440052937,-0.09004049490689549,-0.037688918866564,0.006184549958042143
-0.7037037037037037,0.01111111111111111,0.29567230120300825,0.1815782862106741,0.1781780513651626,-0.05649154819548763,-0.07415968672576367,0.7263131448426964,-0.0890890256825813,-0.04348721407680467,0.007136019182356332
-0.7037037037037037,0.01259259259259259,0.29065083025229826,0.18012871240811396,0.17627511291653428,-0.06402375462155252,-0.08404764495586536,0.7205148496324558,-0.08813755645826714,-0.049285509287045226,0.008087488406670493
-0.7037037037037037,0.014074074074074069,0.2856293593015883,0.1786791386055538,0.1743721744679059,-0.07155596104761763,-0.09393560318596728,0.7147165544222152,-0.08718608723395295,-0.05508380449728589,0.009038957630984681
-0.7037037037037037,0.015555555555555555,0.28060788835087824,0.17722956480299362,0.17246923601927755,-0.07908816747368275,-0.10382356141606908,0.7089182592119745,-0.08623461800963877,-0.06088209970752656,0.009990426855298856
-0.7037037037037037,0.017037037037037035,0.2755864174001682,0.17577999100043346,0.1705662975706492,-0.08662037389974775,-0.11371151964617088,0.7031199640017338,-0.0852831487853246,-0.06668039491776723,0.010941896079613031
-0.7037037037037037,0.018518518518518514,0.2705649464494582,0.17433041719787332,0.16866335912202085,-0.09415258032581275,-0.12359947787627268,0.6973216687914933,-0.08433167956101043,-0.07247869012800778,0.011893365303927206
-0.7037037037037037,0.02,0.2655434754987482,0.17288084339531315,0.1667604206733925,-0.10168478675187775,-0.13348743610637448,0.6915233735812526,-0.08338021033669625,-0.07827698533824845,0.01284483452824138
-0.6790123456790123,-0.02,0.39582504322721945,0.21048989249455283,0.21638767894939714,0.09373756484082918,0.1243833622167747,0.8419595699782113,-0.10819383947469857,0.07215921105871026,-0.011968794609760941
-0.6790123456790123,-0.018518518518518517,0.3911960276795242,0.20915361080828043,0.2146145241923955,0.08679404151928627,0.11516977983034682,0.8366144432331217,-0.10730726209619774,0.06681408431362068,-0.011082217231260114
-0.6790123456790123,-0.017037037037037038,0.3865670121318289,0.207817329122008,0.2128413694353939,0.07985051819774336,0.10595619744391915,0.831269316488032,-0.10642068471769695,0.06146895756853099,-0.010195639852759314
-0.6790123456790123,-0.015555555555555555,0.38193799658413363,0.2064810474357356,0.2110682146783923,0.07290699487620045,0.09674261505749149,0.8259241897429423,-0.10553410733919615,0.0561238308234413,-0.009309062474258514
-0.6790123456790123,-0.014074074074074076,0.3773089810364384,0.2051447657494632,0.20929505992139064,0.06596347155465754,0.0875290326710636,0.8205790629978528,-0.10464752996069532,0.05077870407835172,-0.008422485095757687
-0.6790123456790123,-0.012592592592592593,0.3726799654887431,0.20380848406319077,0.20752190516438904,0.05901994823311463,0.07831545028463593,0.8152339362527631,-0.10376095258219452,0.04543357733326203,-0.007535907717256887
-0.6790123456790123,-0.011111111111111112,0.36805094994104787,0.20247220237691835,0.20574875040738738,0.05207642491157172,0.06910186789820805,0.8098888095076734,-0.10287437520369369,0.04008845058817234,-0.00664933033875606
-0.6790123456790123,-0.00962962962962963,0.3634219343933526,0.20113592069064593,0.20397559565038578,0.04513290159002881,0.05988828551178038,0.8045436827625837,-0.10198779782519289,0.03474332384308265,-0.00576275296025526
-0.6790123456790123,-0.00814814814814815,0.35879291884565734,0.19979963900437353,0.20220244089338418,0.038189378268485896,0.050674703125352716,0.7991985560174941,-0.10110122044669209,0.029398197097993073,-0.0048761755817544605
-0.6790123456790123,-0.006666666666666668,0.35416390329796205,0.1984633573181011,0.20042928613638253,0.031245854946942986,0.04146112073892483,0.7938534292724044,-0.10021464306819126,0.024053070352903383,-0.003989598203253633
-0.6790123456790123,-0.005185185185185187,0.3495348877502668,0.19712707563182869,0.19865613137938093,0.024302331625400075,0.03224753835249716,0.7885083025273147,-0.09932806568969046,0.018707943607813693,-0.0031030208247528335
-0.6790123456790123,-0.0037037037037037056,0.3449058722025715,0.1957907939455563,0.19688297662237933,0.017358808303857165,0.023033955966069497,0.7831631757822252,-0.09844148831118966,0.013362816862724114,-0.002216443446252034
-0.6790123456790123,-0.0022222222222222227,0.3402768566548763,0.19445451225928387,0.19510982186537768,0.010415284982314255,0.01382037357964161,0.7778180490371355,-0.09755491093268884,0.008017690117634424,-0.0013298660677512064
-0.6790123456790123,-0.0007407407407407432,0.335647841107181,0.1931182305730115,0.19333666710837608,0.0034717616607715662,0.004606791193213944,0.772472922292046,-0.09666833355418804,0.002672563372544956,-0.00044328868925040676
-0.6790123456790123,0.0007407407407407397,0.33101882555948575,0.19178194888673905,0.19156351235137445,-0.003471761660771455,-0.004606791193213944,0.7671277955469562,-0.09578175617568722,-0.002672563372544845,0.00044328868925040676
-0.6790123456790123,0.002222222222222219,0.32638981001179046,0.19044566720046663,0.18979035759437285,-0.010415284982314477,-0.013820373579641498,0.7617826688018665,-0.09489517879718642,-0.008017690117634535,0.0013298660677512064
-0.6790123456790123,0.003703703703703702,0.3217607944640952,0.18910938551419423,0.18801720283737122,-0.017358808303857276,-0.023033955966069386,0.7564375420567769,-0.09400860141868561,-0.013362816862724114,0.00221644344625202
-0.6790123456790123,0.005185185185185185,0.31713177891639993,0.1877731038279218,0.1862440480803696,-0.024302331625400186,-0.03224753835249716,0.7510924153116872,-0.0931220240401848,-0.018707943607813804,0.0031030208247528335
-0.6790123456790123,0.0066666666666666645,0.3125027633687047,0.18643682214164942,0.184470893323368,-0.031245854946942986,-0.04146112073892483,0.7457472885665977,-0.092235446661684,-0.024053070352903383,0.003989598203253633
-0.6790123456790123,0.008148148148148147,0.3078737478210094,0.185100540455377,0.18269773856636637,-0.038189378268485896,-0.050674703125352605,0.740402161821508,-0.09134886928318318,-0.029398197097993073,0.004876175581754447
-0.6790123456790123,0.009629629629629627,0.30324473227331417,0.1837642587691046,0.18092458380936474,-0.045132901590028696,-0.05988828551178038,0.7350570350764184,-0.09046229190468237,-0.03474332384308265,0.00576275296025526
-0.6790123456790123,0.01111111111111111,0.2986157167256189,0.18242797708283218,0.17915142905236311,-0.05207642491157172,-0.06910186789820816,0.7297119083313287,-0.08957571452618156,-0.04008845058817234,0.006649330338756074
-0.6790123456790123,0.01259259259259259,0.29398670117792364,0.18109169539655975,0.17737827429536152,-0.05901994823311463,-0.07831545028463582,0.724366781586239,-0.08868913714768076,-0.04543357733326203,0.007535907717256873
-0.6790123456790123,0.014074074074074069,0.28935768563022835,0.17975541371028733,0.1756051195383599,-0.06596347155465765,-0.0875290326710636,0.7190216548411493,-0.08780255976917994,-0.05077870407835172,0.008422485095757687
-0.6790123456790123,0.015555555555555555,0.2847286700825331,0.17841913202401494,0.17383196478135826,-0.07290699487620045,-0.09674261505749138,0.7136765280960597,-0.08691598239067913,-0.0561238308234413,0.0093090624742585
-0.6790123456790123,0.017037037037037035,0.2800996545348378,0.17708285033774251,0.17205881002435663,-0.07985051819774336,-0.10595619744391915,0.7083314013509701,-0.08602940501217832,-0.06146895756853099,0.010195639852759314
-0.6790123456790123,0.018518518518518514,0.2754706389871426,0.17574656865147012,0.17028565526735503,-0.08679404151928616,-0.11516977983034682,0.7029862746058805,-0.08514282763367752,-0.06681408431362057,0.011082217231260114
-0.6790123456790123,0.02,0.2708416234394473,0.1744102869651977,0.16851250051035338,-0.09373756484082907,-0.12438336221677482,0.6976411478607908,-0.08425625025517669,-0.07215921105871026,0.011968794609760941
-0.654320987654321,-0.02,0.39094097450866644,0.20907998329985422,0.21472213283297006,0.08641146176299963,0.11572893072877255,0.8363199331994169,-0.10736106641648503,0.06651957427991584,-0.011136021551547401
-0.654320987654321,-0.018518518518518517,0.3866737418290121,0.20784813933170762,0.21307235186237045,0.08001061274351806,0.10715641734145609,0.8313925573268305,-0.10653617593118522,0.061592198407329435,-0.010311131066247592
-0.654320987654321,-0.017037037037037038,0.3824065091493578,0.20661629536356105,0.21142257089177083,0.07360976372403671,0.09858390395413963,0.8264651814542442,-0.10571128544588541,0.05666482253474314,-0.009486240580947783
-0.654320987654321,-0.015555555555555555,0.3781392764697035,0.20538445139541442,0.20977278992117124,0.06720891470455514,0.09001139056682317,0.8215378055816577,-0.10488639496058562,0.05173744666215663,-0.008661350095647988
-0.654320987654321,-0.014074074074074076,0.37387204379004924,0.20415260742726787,0.20812300895057162,0.0608080656850738,0.08143887717950671,0.8166104297090715,-0.10406150447528581,0.046810070789570446,-0.007836459610348179
-0.654320987654321,-0.012592592592592593,0.3696048111103949,0.20292076345912125,0.206473227979972,0.05440721666559223,0.07286636379219025,0.811683053836485,-0.103236613989986,0.04188269491698393,-0.00701156912504837
-0.654320987654321,-0.011111111111111112,0.3653375784307406,0.20168891949097467,0.2048234470093724,0.04800636764611088,0.06429385040487379,0.8067556779638987,-0.1024117235046862,0.03695531904439764,-0.006186678639748575
-0.654320987654321,-0.00962962962962963,0.3610703457510863,0.20045707552282807,0.20317366603877274,0.04160551862662931,0.055721337017557104,0.8018283020913123,-0.10158683301938637,0.032027943171811235,-0.005361788154448738
-0.654320987654321,-0.00814814814814815,0.35680311307143203,0.1992252315546815,0.20152388506817315,0.035204669607147965,0.047148823630240644,0.796900926218726,-0.10076194253408657,0.027100567299224942,-0.004536897669148943
-0.654320987654321,-0.006666666666666668,0.35253588039177775,0.19799338758653492,0.19987410409757353,0.028803820587666618,0.03857631024292418,0.7919735503461397,-0.09993705204878676,0.02217319142663865,-0.0037120071838491336
-0.654320987654321,-0.005185185185185187,0.3482686477121234,0.19676154361838832,0.1982243231269739,0.02240297156818505,0.030003796855607723,0.7870461744735533,-0.09911216156348696,0.017245815554052246,-0.0028871166985493246
-0.654320987654321,-0.0037037037037037056,0.3440014150324691,0.19552969965024175,0.19657454215637432,0.0160021225487037,0.021431283468291262,0.782118798600967,-0.09828727107818716,0.012318439681465954,-0.0020622262132495295
-0.654320987654321,-0.0022222222222222227,0.33973418235281483,0.19429785568209515,0.1949247611857747,0.009601273529222132,0.012858770080974802,0.7771914227283806,-0.09746238059288735,0.00739106380887955,-0.0012373357279497205
-0.654320987654321,-0.0007407407407407432,0.33546694967316054,0.19306601171394858,0.19327498021517509,0.0032004245097407846,0.004286256693658341,0.7722640468557943,-0.09663749010758754,0.0024636879362932573,-0.00041244524264991145
-0.654320987654321,0.0007407407407407397,0.3311997169935062,0.19183416774580198,0.19162519924457547,-0.0032004245097406736,-0.00428625669365823,0.7673366709832079,-0.09581259962228773,-0.0024636879362931463,0.00041244524264989757
-0.654320987654321,0.002222222222222219,0.3269324843138519,0.19060232377765537,0.18997541827397585,-0.009601273529222243,-0.01285877008097469,0.7624092951106215,-0.09498770913698792,-0.00739106380887955,0.0012373357279497066
-0.654320987654321,0.003703703703703702,0.3226652516341976,0.1893704798095088,0.1883256373033762,-0.01600212254870359,-0.021431283468291373,0.7574819192380352,-0.0941628186516881,-0.012318439681465843,0.0020622262132495295
-0.654320987654321,0.005185185185185185,0.31839801895454334,0.1881386358413622,0.1866758563327766,-0.02240297156818505,-0.030003796855607723,0.7525545433654488,-0.0933379281663883,-0.017245815554052246,0.0028871166985493246
-0.654320987654321,0.0066666666666666645,0.31413078627488905,0.18690679187321563,0.185026075362177,-0.028803820587666396,-0.03857631024292418,0.7476271674928625,-0.0925130376810885,-0.02217319142663854,0.0037120071838491336
-0.654320987654321,0.008148148148148147,0.3098635535952347,0.18567494790506903,0.18337629439157738,-0.035204669607147965,-0.047148823630240644,0.7426997916202761,-0.09168814719578869,-0.027100567299224942,0.004536897669148943
-0.654320987654321,0.009629629629629627,0.3055963209155804,0.18444310393692243,0.18172651342097776,-0.04160551862662942,-0.055721337017557215,0.7377724157476897,-0.09086325671048888,-0.032027943171811346,0.005361788154448752
-0.654320987654321,0.01111111111111111,0.30132908823592613,0.18321125996877585,0.18007673245037814,-0.04800636764611088,-0.06429385040487368,0.7328450398751034,-0.09003836622518907,-0.03695531904439764,0.006186678639748561
-0.654320987654321,0.01259259259259259,0.29706185555627185,0.18197941600062925,0.17842695147977852,-0.05440721666559234,-0.07286636379219025,0.727917664002517,-0.08921347573988926,-0.04188269491698404,0.00701156912504837
-0.654320987654321,0.014074074074074069,0.29279462287661756,0.18074757203248265,0.17677717050917893,-0.0608080656850738,-0.0814388771795066,0.7229902881299306,-0.08838858525458947,-0.046810070789570446,0.007836459610348165
-0.654320987654321,0.015555555555555555,0.2885273901969632,0.17951572806433608,0.1751273895385793,-0.06720891470455526,-0.09001139056682317,0.7180629122573443,-0.08756369476928964,-0.05173744666215674,0.008661350095647988
-0.654320987654321,0.017037037037037035,0.28426015751730893,0.17828388409618948,0.1734776085679797,-0.07360976372403671,-0.09858390395413963,0.7131355363847579,-0.08673880428398985,-0.05666482253474314,0.009486240580947783
-0.654320987654321,0.018518518518518514,0.27999292483765464,0.1770520401280429,0.17182782759738008,-0.08001061274351806,-0.10715641734145609,0.7082081605121716,-0.08591391379869004,-0.061592198407329435,0.010311131066247592
-0.654320987654321,0.02,0.2757256921580003,0.17582019615989633,0.17017804662678043,-0.08641146176299941,-0.11572893072877277,0.7032807846395853,-0.08508902331339022,-0.06651957427991573,0.011136021551547415
-0.6296296296296295,-0.02,0.38643862245762095,0.20778026621552542,0.21314267362820144,0.07965793368643137,0.10752181995534782,0.8311210648621017,-0.10657133681410072,0.06132070594260064,-0.010346291949163089
-0.6296296296296295,-0.018518518518518517,0.38250489733730336,0.20664469758695878,0.21160988963573282,0.07375734600595507,0.09955724069939609,0.8265787903478351,-0.10580494481786641,0.05677843142833405,-0.00957989995292878
-0.6296296296296295,-0.017037037037037038,0.3785711722169858,0.20550912895839207,0.2100771056432642,0.06785675832547855,0.09159266144344436,0.8220365158335683,-0.1050385528216321,0.052236156914067244,-0.008813507956694472
-0.6296296296296295,-0.015555555555555555,0.3746374470966682,0.2043735603298254,0.2085443216507956,0.06195617064500225,0.08362808218749263,0.8174942413193016,-0.1042721608253978,0.04769388239980055,-0.008047115960460163
-0.6296296296296295,-0.014074074074074076,0.3707037219763506,0.2032379917012587,0.207011537658327,0.05605558296452573,0.0756635029315409,0.8129519668050348,-0.1035057688291635,0.04315160788553374,-0.007280723964225869
-0.6296296296296295,-0.012592592592592593,0.36676999685603295,0.20210242307269205,0.2054787536658584,0.05015499528404943,0.06769892367558938,0.8084096922907682,-0.1027393768329292,0.03860933337126715,-0.006514331967991574
-0.6296296296296295,-0.011111111111111112,0.36283627173571537,0.20096685444412535,0.2039459696733898,0.04425440760357291,0.05973434441963765,0.8038674177765014,-0.1019729848366949,0.03406705885700034,-0.0057479399717572655
-0.6296296296296295,-0.00962962962962963,0.3589025466153978,0.19983128581555867,0.20241318568092118,0.03835381992309661,0.05176976516368592,0.7993251432622347,-0.10120659284046059,0.029524784342733645,-0.004981547975522957
-0.6296296296296295,-0.00814814814814815,0.3549688214950802,0.19869571718699203,0.2008804016884526,0.03245323224262031,0.04380518590773419,0.7947828687479681,-0.1004402008442263,0.02498250982846706,-0.004215155979288662
-0.6296296296296295,-0.006666666666666668,0.3510350963747626,0.19756014855842532,0.199347617695984,0.02655264456214379,0.03584060665178268,0.7902405942337013,-0.099673808847992,0.02044023531420025,-0.0034487639830543676
-0.6296296296296295,-0.005185185185185187,0.34710137125444496,0.19642457992985865,0.19781483370351538,0.02065205688166749,0.02787602739583095,0.7856983197194346,-0.09890741685175769,0.015897960799933553,-0.002682371986820059
-0.6296296296296295,-0.0037037037037037056,0.34316764613412737,0.19528901130129195,0.19628204971104676,0.01475146920119097,0.019911448139879218,0.7811560452051678,-0.09814102485552338,0.011355686285666744,-0.0019159799905857505
-0.6296296296296295,-0.0022222222222222227,0.3392339210138098,0.1941534426727253,0.19474926571857817,0.00885088152071467,0.011946868883927486,0.7766137706909012,-0.09737463285928909,0.006813411771400157,-0.0011495879943514559
-0.6296296296296295,-0.0007407407407407432,0.3353001958934922,0.1930178740441586,0.19321648172610956,0.0029502938402381496,0.003982289627975755,0.7720714961766344,-0.09660824086305478,0.002271137257133349,-0.00038319599811714733
-0.6296296296296295,0.0007407407407407397,0.33136647077317455,0.19188230541559192,0.19168369773364097,-0.0029502938402381496,-0.003982289627975755,0.7675292216623677,-0.09584184886682048,-0.002271137257133349,0.00038319599811714733
-0.6296296296296295,0.002222222222222219,0.32743274565285696,0.19074673678702525,0.19015091374117235,-0.00885088152071456,-0.011946868883927597,0.762986947148101,-0.09507545687058618,-0.006813411771400046,0.0011495879943514559
-0.6296296296296295,0.003703703703703702,0.32349902053253937,0.18961116815845858,0.18861812974870376,-0.01475146920119097,-0.019911448139879107,0.7584446726338343,-0.09430906487435188,-0.011355686285666744,0.0019159799905857505
-0.6296296296296295,0.005185185185185185,0.3195652954122218,0.18847559952989187,0.18708534575623514,-0.02065205688166749,-0.02787602739583095,0.7539023981195675,-0.09354267287811757,-0.015897960799933553,0.002682371986820059
-0.6296296296296295,0.0066666666666666645,0.3156315702919042,0.1873400309013252,0.18555256176376655,-0.02655264456214379,-0.03584060665178246,0.7493601236053008,-0.09277628088188328,-0.02044023531420025,0.0034487639830543537
-0.6296296296296295,0.008148148148148147,0.31169784517158655,0.18620446227275853,0.18401977777129794,-0.0324532322426202,-0.0438051859077343,0.7448178490910341,-0.09200988888564897,-0.024982509828466948,0.004215155979288662
-0.6296296296296295,0.009629629629629627,0.30776412005126896,0.18506889364419185,0.18248699377882935,-0.03835381992309661,-0.05176976516368581,0.7402755745767674,-0.09124349688941467,-0.029524784342733645,0.004981547975522957
-0.6296296296296295,0.01111111111111111,0.3038303949309514,0.18393332501562515,0.18095420978636073,-0.04425440760357313,-0.05973434441963765,0.7357333000625006,-0.09047710489318037,-0.034067058857000454,0.0057479399717572655
-0.6296296296296295,0.01259259259259259,0.2998966698106338,0.18279775638705847,0.17942142579389214,-0.05015499528404943,-0.06769892367558916,0.7311910255482339,-0.08971071289694607,-0.03860933337126715,0.00651433196799156
-0.6296296296296295,0.014074074074074069,0.2959629446903162,0.18166218775849183,0.17788864180142352,-0.05605558296452573,-0.075663502931541,0.7266487510339673,-0.08894432090071176,-0.04315160788553374,0.007280723964225869
-0.6296296296296295,0.015555555555555555,0.29202921956999855,0.18052661912992513,0.17635585780895494,-0.06195617064500225,-0.08362808218749251,0.7221064765197005,-0.08817792890447747,-0.04769388239980055,0.008047115960460163
-0.6296296296296295,0.017037037037037035,0.28809549444968097,0.17939105050135845,0.17482307381648632,-0.06785675832547855,-0.09159266144344436,0.7175642020054338,-0.08741153690824316,-0.052236156914067244,0.008813507956694472
-0.6296296296296295,0.018518518518518514,0.2841617693293634,0.17825548187279178,0.17329028982401773,-0.07375734600595496,-0.09955724069939587,0.7130219274911671,-0.08664514491200886,-0.05677843142833394,0.009579899952928767
-0.6296296296296295,0.02,0.2802280442090458,0.1771199132442251,0.1717575058315491,-0.07965793368643137,-0.10752181995534771,0.7084796529769004,-0.08587875291577456,-0.06132070594260064,0.010346291949163075
-0.6049382716049383,-0.02,0.38228815382998904,0.20658212912581225,0.21164821000666023,0.0734322307449835,0.0997563591876296,0.826328516503249,-0.10582410500333012,0.05652815758374796,-0.009599060138392485
-0.6049382716049383,-0.018518518518518517,0.3786618708302368,0.2055353113927799,0.2102261270231947,0.0679928062453552,0.09236699924780534,0.8221412455711196,-0.10511306351159735,0.05234088665161851,-0.008888018646659723
-0.6049382716049383,-0.017037037037037038,0.3750355878304845,0.2044884936597475,0.20880404403972916,0.06255338174572667,0.08497763930798086,0.81795397463899,-0.10440202201986458,0.04815361571948895,-0.008176977154926948
-0.6049382716049383,-0.015555555555555555,0.37140930483073226,0.20344167592671514,0.20738196105626358,0.05711395724609836,0.07758827936815638,0.8137667037068606,-0.10369098052813179,0.0439663447873595,-0.007465935663194159
-0.6049382716049383,-0.014074074074074076,0.36778302183098,0.20239485819368275,0.20595987807279806,0.051674532746469826,0.07019891942833212,0.809579432774731,-0.10297993903639903,0.03977907385522994,-0.006754894171461398
-0.6049382716049383,-0.012592592592592593,0.3641567388312277,0.2013480404606504,0.2045377950893325,0.046235108246841516,0.06280955948850764,0.8053921618426017,-0.10226889754466625,0.0355918029231006,-0.006043852679728623
-0.6049382716049383,-0.011111111111111112,0.3605304558314754,0.20030122272761802,0.20311571210586693,0.040795683747212985,0.05542019954868316,0.8012048909104721,-0.10155785605293347,0.03140453199097104,-0.005332811187995834
-0.6049382716049383,-0.00962962962962963,0.35690417283172315,0.19925440499458566,0.20169362912240135,0.035356259247584676,0.04803083960885868,0.7970176199783426,-0.10084681456120068,0.02721726105884159,-0.004621769696263045
-0.6049382716049383,-0.00814814814814815,0.3532778898319709,0.19820758726155333,0.20027154613893583,0.029916834747956367,0.04064147966903442,0.7928303490462133,-0.10013577306946791,0.023029990126712252,-0.003910728204530284
-0.6049382716049383,-0.006666666666666668,0.34965160683221863,0.19716076952852093,0.19884946315547028,0.024477410248327836,0.03325211972920994,0.7886430781140837,-0.09942473157773514,0.01884271919458269,-0.0031996867127975087
-0.6049382716049383,-0.005185185185185187,0.3460253238324663,0.19611395179548857,0.1974273801720047,0.019037985748699526,0.02586275978938546,0.7844558071819543,-0.09871369008600235,0.014655448262453241,-0.0024886452210647197
-0.6049382716049383,-0.0037037037037037056,0.34239904083271405,0.19506713406245618,0.19600529718853912,0.013598561249070995,0.01847339984956098,0.7802685362498247,-0.09800264859426956,0.01046817733032368,-0.0017776037293319308
-0.6049382716049383,-0.0022222222222222227,0.3387727578329618,0.19402031632942382,0.1945832142050736,0.008159136749442686,0.01108403990973672,0.7760812653176953,-0.0972916071025368,0.00628090639819423,-0.0010665622375991696
-0.6049382716049383,-0.0007407407407407432,0.33514647483320953,0.19297349859639143,0.19316113122160805,0.0027197122498141546,0.00369467996991224,0.7718939943855657,-0.09658056561080403,0.0020936354660646694,-0.0003555207458663945
-0.6049382716049383,0.0007407407407407397,0.3315201918334572,0.1919266808633591,0.19173904823814247,-0.0027197122498141546,-0.00369467996991224,0.7677067234534364,-0.09586952411907124,-0.0020936354660646694,0.0003555207458663945
-0.6049382716049383,0.002222222222222219,0.32789390883370495,0.1908798631303267,0.19031696525467692,-0.008159136749442686,-0.01108403990973661,0.7635194525213068,-0.09515848262733846,-0.00628090639819423,0.0010665622375991696
-0.6049382716049383,0.003703703703703702,0.3242676258339527,0.18983304539729434,0.18889488227121137,-0.013598561249070995,-0.01847339984956109,0.7593321815891774,-0.09444744113560569,-0.01046817733032368,0.0017776037293319447
-0.6049382716049383,0.005185185185185185,0.3206413428342004,0.18878622766426198,0.18747279928774582,-0.019037985748699415,-0.02586275978938546,0.7551449106570479,-0.09373639964387291,-0.01465544826245313,0.0024886452210647197
-0.6049382716049383,0.0066666666666666645,0.31701505983444817,0.1877394099312296,0.18605071630428027,-0.024477410248327947,-0.03325211972920983,0.7509576397249184,-0.09302535815214014,-0.01884271919458269,0.003199686712797495
-0.6049382716049383,0.008148148148148147,0.31338877683469585,0.18669259219819723,0.1846286333208147,-0.029916834747956256,-0.04064147966903442,0.7467703687927889,-0.09231431666040735,-0.02302999012671214,0.003910728204530284
-0.6049382716049383,0.009629629629629627,0.3097624938349436,0.18564577446516486,0.18320655033734917,-0.035356259247584676,-0.04803083960885868,0.7425830978606595,-0.09160327516867459,-0.02721726105884159,0.004621769696263045
-0.6049382716049383,0.01111111111111111,0.3061362108351913,0.18459895673213247,0.1817844673538836,-0.04079568374721321,-0.05542019954868316,0.7383958269285299,-0.0908922336769418,-0.03140453199097115,0.005332811187995834
-0.6049382716049383,0.01259259259259259,0.30250992783543906,0.1835521389991001,0.18036238437041804,-0.046235108246841516,-0.06280955948850753,0.7342085559964004,-0.09018119218520902,-0.0355918029231006,0.006043852679728609
-0.6049382716049383,0.014074074074074069,0.2988836448356868,0.18250532126606778,0.1789403013869525,-0.051674532746469826,-0.07019891942833201,0.7300212850642711,-0.08947015069347625,-0.03977907385522994,0.006754894171461384
-0.6049382716049383,0.015555555555555555,0.2952573618359345,0.1814585035330354,0.17751821840348694,-0.057113957246098246,-0.07758827936815638,0.7258340141321415,-0.08875910920174347,-0.0439663447873595,0.007465935663194159
-0.6049382716049383,0.017037037037037035,0.2916310788361822,0.18041168580000302,0.17609613542002137,-0.06255338174572667,-0.08497763930798086,0.7216467432000121,-0.08804806771001068,-0.04815361571948895,0.008176977154926948
-0.6049382716049383,0.018518518518518514,0.28800479583642996,0.17936486806697066,0.17467405243655582,-0.06799280624535509,-0.09236699924780523,0.7174594722678826,-0.08733702621827791,-0.0523408866516184,0.008888018646659723
-0.6049382716049383,0.02,0.2843785128366777,0.17831805033393827,0.17325196945309027,-0.0734322307449835,-0.0997563591876297,0.7132722013357531,-0.08662598472654513,-0.05652815758374796,0.009599060138392498
-0.5802469135802468,-0.02,0.37846206701277607,0.20547763299888186,0.21023712411545079,0.0676931005191641,0.0924241418153744,0.8219105319955274,-0.10511856205772539,0.05211017307602639,-0.008893517192787762
-0.5802469135802468,-0.018518518518518517,0.37511919785133585,0.20451262979377025,0.20891956601281553,0.06267879677700372,0.08557790908830953,0.818050519175081,-0.10445978300640776,0.04825016025557993,-0.008234738141470133
-0.5802469135802468,-0.017037037037037038,0.37177632868989563,0.20354762658865863,0.20760200791018035,0.057664493034843334,0.0787316763612449,0.8141905063546345,-0.10380100395509018,0.044390147435133476,-0.007575959090152545
-0.5802469135802468,-0.015555555555555555,0.36843345952845546,0.20258262338354704,0.2062844498075451,0.05265018929268317,0.07188544363418004,0.8103304935341882,-0.10314222490377255,0.04053013461468713,-0.006917180038834916
-0.5802469135802468,-0.014074074074074076,0.36509059036701524,0.20161762017843543,0.2049668917049099,0.04763588555052278,0.0650392109071154,0.8064704807137417,-0.10248344585245495,0.03667012179424067,-0.006258400987517315
-0.5802469135802468,-0.012592592592592593,0.3617477212055751,0.20065261697332387,0.20364933360227466,0.04262158180836262,0.058192978180050536,0.8026104678932955,-0.10182466680113733,0.03281010897379444,-0.0055996219361997
-0.5802469135802468,-0.011111111111111112,0.35840485204413486,0.19968761376821226,0.20233177549963943,0.03760727806620223,0.051346745452985676,0.798750455072849,-0.10116588774981972,0.02895009615334798,-0.004940842884882085
-0.5802469135802468,-0.00962962962962963,0.35506198288269464,0.19872261056310064,0.20101421739700423,0.032592974324041846,0.04450051272592104,0.7948904422524026,-0.10050710869850212,0.025090083332901525,-0.004282063833564484
-0.5802469135802468,-0.00814814814814815,0.3517191137212545,0.19775760735798906,0.19969665929436897,0.02757867058188168,0.03765427999885618,0.7910304294319562,-0.09984832964718449,0.02123007051245518,-0.003623284782246855
-0.5802469135802468,-0.006666666666666668,0.34837624455981425,0.19679260415287744,0.19837910119173377,0.022564366839721295,0.03080804727179154,0.7871704166115098,-0.09918955059586688,0.017370057692008722,-0.002964505730929254
-0.5802469135802468,-0.005185185185185187,0.3450333753983741,0.19582760094776588,0.19706154308909854,0.01755006309756113,0.02396181454472668,0.7833104037910635,-0.09853077154454927,0.013510044871562488,-0.002305726679611639
-0.5802469135802468,-0.0037037037037037056,0.34169050623693387,0.19486259774265427,0.19574398498646334,0.012535759355400744,0.01711558181766204,0.7794503909706171,-0.09787199249323167,0.009650032051116031,-0.0016469476282940376
-0.5802469135802468,-0.0022222222222222227,0.33834763707549365,0.19389759453754266,0.1944264268838281,0.007521455613240358,0.01026934909059718,0.7755903781501706,-0.09721321344191405,0.005790019230669574,-0.0009881685769764226
-0.5802469135802468,-0.0007407407407407432,0.3350047679140535,0.19293259133243107,0.19310886878119285,0.0025071518710801932,0.003423116363532319,0.7717303653297243,-0.09655443439059642,0.0019300064102232284,-0.00032938952565879365
-0.5802469135802468,0.0007407407407407397,0.33166189875261326,0.19196758812731946,0.19179131067855765,-0.0025071518710801932,-0.00342311636353243,0.7678703525092778,-0.09589565533927882,-0.0019300064102232284,0.0003293895256588075
-0.5802469135802468,0.002222222222222219,0.3283190295911731,0.19100258492220787,0.19047375257592242,-0.007521455613240469,-0.01026934909059718,0.7640103396888315,-0.09523687628796121,-0.005790019230669574,0.0009881685769764226
-0.5802469135802468,0.003703703703703702,0.3249761604297329,0.19003758171709625,0.18915619447328721,-0.012535759355400855,-0.017115581817661818,0.760150326868385,-0.09457809723664361,-0.009650032051116031,0.0016469476282940237
-0.5802469135802468,0.005185185185185185,0.32163329126829265,0.18907257851198467,0.18783863637065198,-0.01755006309756102,-0.02396181454472668,0.7562903140479387,-0.09391931818532599,-0.013510044871562377,0.002305726679611639
-0.5802469135802468,0.0066666666666666645,0.3182904221068525,0.18810757530687308,0.18652107826801675,-0.022564366839721295,-0.030808047271791428,0.7524303012274923,-0.09326053913400838,-0.017370057692008722,0.002964505730929254
-0.5802469135802468,0.008148148148148147,0.31494755294541227,0.18714257210176147,0.18520352016538155,-0.02757867058188168,-0.03765427999885618,0.7485702884070459,-0.09260176008269078,-0.02123007051245518,0.003623284782246855
-0.5802469135802468,0.009629629629629627,0.3116046837839721,0.18617756889664988,0.1838859620627463,-0.032592974324041846,-0.04450051272592104,0.7447102755865995,-0.09194298103137315,-0.025090083332901525,0.004282063833564484
-0.5802469135802468,0.01111111111111111,0.3082618146225319,0.18521256569153827,0.1825684039601111,-0.03760727806620223,-0.05134674545298579,0.7408502627661531,-0.09128420198005555,-0.02895009615334798,0.004940842884882085
-0.5802469135802468,0.01259259259259259,0.30491894546109166,0.18424756248642668,0.18125084585747586,-0.04262158180836251,-0.058192978180050536,0.7369902499457067,-0.09062542292873793,-0.03281010897379433,0.0055996219361997
-0.5802469135802468,0.014074074074074069,0.3015760762996515,0.1832825592813151,0.17993328775484063,-0.04763588555052278,-0.0650392109071154,0.7331302371252604,-0.08996664387742032,-0.03667012179424067,0.006258400987517315
-0.5802469135802468,0.015555555555555555,0.2982332071382113,0.18231755607620348,0.17861572965220543,-0.05265018929268306,-0.07188544363418004,0.7292702243048139,-0.08930786482610271,-0.04053013461468713,0.006917180038834916
-0.5802469135802468,0.017037037037037035,0.2948903379767711,0.18135255287109187,0.17729817154957017,-0.057664493034843445,-0.078731676361245,0.7254102114843675,-0.08864908577478509,-0.04439014743513359,0.007575959090152545
-0.5802469135802468,0.018518518518518514,0.2915474688153309,0.18038754966598028,0.17598061344693497,-0.06267879677700372,-0.08557790908830964,0.7215501986639211,-0.08799030672346748,-0.04825016025557993,0.008234738141470146
-0.5802469135802468,0.02,0.28820459965389067,0.1794225464608687,0.17466305534429974,-0.067693100519164,-0.0924241418153744,0.7176901858434748,-0.08733152767214987,-0.05211017307602628,0.008893517192787762
-0.5555555555555556,-0.02,0.37493500979437144,0.2044594592816353,0.2089073739304353,0.06240251469155722,0.08551455716991163,0.8178378371265412,-0.10445368696521765,0.048037478207040185,-0.008228642100280015
-0.5555555555555556,-0.018518518518518517,0.37185340413059087,0.2035698763518753,0.20768831584150493,0.05778010619588625,0.07918014552769592,0.8142795054075012,-0.10384415792075247,0.04447914648800011,-0.007619113055814836
-0.5555555555555556,-0.017037037037037038,0.36877179846681024,0.20268029342211527,0.20646925775257455,0.05315769770021528,0.07284573388548021,0.8107211736884611,-0.10323462887628727,0.040920814768960034,-0.007009584011349643
-0.5555555555555556,-0.015555555555555555,0.36569019280302967,0.2017907104923553,0.20525019966364416,0.04853528920454453,0.0665113222432645,0.8071628419694212,-0.10262509983182208,0.03736248304992018,-0.00640005496688445
-0.5555555555555556,-0.014074074074074076,0.36260858713924904,0.2009011275625953,0.20403114157471383,0.04391288070887356,0.060176910601049016,0.8036045102503812,-0.10201557078735692,0.033804151330880106,-0.0057905259224192845
-0.5555555555555556,-0.012592592592592593,0.35952698147546847,0.20001154463283527,0.20281208348578345,0.03929047221320259,0.05384249895883331,0.8000461785313411,-0.10140604174289172,0.03024581961184003,-0.005180996877954092
-0.5555555555555556,-0.011111111111111112,0.3564453758116879,0.1991219617030753,0.20159302539685306,0.03466806371753184,0.0475080873166176,0.7964878468123012,-0.10079651269842653,0.026687487892800177,-0.004571467833488899
-0.5555555555555556,-0.00962962962962963,0.35336377014790726,0.1982323787733153,0.2003739673079227,0.030045655221860867,0.04117367567440189,0.7929295150932612,-0.10018698365396135,0.0231291561737601,-0.0039619387890237195
-0.5555555555555556,-0.00814814814814815,0.3502821644841267,0.19734279584355527,0.19915490921899232,0.025423246726189896,0.03483926403218618,0.7893711833742211,-0.09957745460949616,0.019570824454720026,-0.0033524097445585266
-0.5555555555555556,-0.006666666666666668,0.34720055882034606,0.1964532129137953,0.19793585113006193,0.020800838230519147,0.02850485238997047,0.7858128516551812,-0.09896792556503096,0.016012492735680173,-0.0027428807000933336
-0.5555555555555556,-0.005185185185185187,0.3441189531565655,0.1955636299840353,0.19671679304113154,0.016178429734848176,0.02217044074775476,0.7822545199361411,-0.09835839652056577,0.012454161016640097,-0.0021333516556281407
-0.5555555555555556,-0.0037037037037037056,0.34103734749278486,0.19467404705427527,0.1954977349522012,0.011556021239177205,0.015836029105539273,0.7786961882171011,-0.0977488674761006,0.008895829297600022,-0.0015238226111629755
-0.5555555555555556,-0.0022222222222222227,0.3379557418290043,0.19378446412451528,0.19427867686327083,0.0069336127435064565,0.009501617463323564,0.7751378564980611,-0.09713933843163541,0.005337497578560058,-0.0009142935666977825
-0.5555555555555556,-0.0007407407407407432,0.33487413616522366,0.19289488119475526,0.19305961877434044,0.0023112042478354855,0.0031672058211078546,0.771579524779021,-0.09652980938717022,0.0017791658595199822,-0.00030476452223258954
-0.5555555555555556,0.0007407407407407397,0.3317925305014431,0.19200529826499527,0.19184056068541008,-0.0023112042478353745,-0.0031672058211077436,0.7680211930599811,-0.09592028034270504,-0.0017791658595199822,0.00030476452223258954
-0.5555555555555556,0.002222222222222219,0.32871092483766245,0.19111571533523525,0.19062150259647972,-0.0069336127435064565,-0.009501617463323342,0.764462861340941,-0.09531075129823986,-0.005337497578560058,0.0009142935666977686
-0.5555555555555556,0.003703703703703702,0.3256293191738819,0.19022613240547526,0.18940244450754934,-0.011556021239177205,-0.015836029105539162,0.760904529621901,-0.09470122225377467,-0.008895829297600022,0.0015238226111629616
-0.5555555555555556,0.005185185185185185,0.32254771351010125,0.18933654947571524,0.18818338641861895,-0.016178429734848288,-0.02217044074775487,0.757346197902861,-0.09409169320930948,-0.012454161016640097,0.0021333516556281545
-0.5555555555555556,0.0066666666666666645,0.3194661078463207,0.18844696654595525,0.1869643283296886,-0.020800838230519036,-0.02850485238997047,0.753787866183821,-0.0934821641648443,-0.01601249273568006,0.0027428807000933336
-0.5555555555555556,0.008148148148148147,0.3163845021825401,0.18755738361619526,0.1857452702407582,-0.025423246726189896,-0.03483926403218618,0.750229534464781,-0.0928726351203791,-0.019570824454720026,0.0033524097445585266
-0.5555555555555556,0.009629629629629627,0.3133028965187595,0.18666780068643524,0.18452621215182782,-0.030045655221860867,-0.041173675674402,0.746671202745741,-0.09226310607591391,-0.0231291561737601,0.0039619387890237195
-0.5555555555555556,0.01111111111111111,0.3102212908549789,0.18577821775667525,0.18330715406289746,-0.03466806371753173,-0.0475080873166176,0.743112871026701,-0.09165357703144873,-0.026687487892800066,0.004571467833488899
-0.5555555555555556,0.01259259259259259,0.3071396851911983,0.18488863482691525,0.1820880959739671,-0.03929047221320259,-0.053842498958833196,0.739554539307661,-0.09104404798698355,-0.03024581961184003,0.005180996877954078
-0.5555555555555556,0.014074074074074069,0.3040580795274177,0.18399905189715524,0.18086903788503672,-0.04391288070887356,-0.060176910601048905,0.7359962075886209,-0.09043451894251836,-0.033804151330880106,0.005790525922419271
-0.5555555555555556,0.015555555555555555,0.3009764738636371,0.18310946896739524,0.17964997979610633,-0.04853528920454442,-0.06651132224326461,0.732437875869581,-0.08982498989805317,-0.03736248304992007,0.006400054966884464
-0.5555555555555556,0.017037037037037035,0.2978948681998565,0.18221988603763525,0.17843092170717598,-0.05315769770021528,-0.07284573388548021,0.728879544150541,-0.08921546085358799,-0.040920814768960034,0.007009584011349643
-0.5555555555555556,0.018518518518518514,0.29481326253607587,0.18133030310787523,0.1772118636182456,-0.05778010619588625,-0.07918014552769592,0.7253212124315009,-0.0886059318091228,-0.04447914648800011,0.007619113055814836
-0.5555555555555556,0.02,0.2917316568722953,0.18044072017811524,0.17599280552931523,-0.06240251469155711,-0.08551455716991152,0.721762880712461,-0.08799640276465762,-0.048037478207040074,0.008228642100280015
-0.5308641975308641,-0.02,0.3716836113770815,0.20352086140590278,0.20765658178053217,0.05752541706562231,0.07901525050989,0.8140834456236111,-0.10382829089026609,0.044283086704110075,-0.007603246025328456
-0.5308641975308641,-0.018518518518518517,0.3688428500405076,0.2027008042447155,0.20653017496196496,0.05326427506076126,0.07316226899063882,0.810803216978862,-0.10326508748098248,0.04100285805936099,-0.00704004261604485
-0.5308641975308641,-0.017037037037037038,0.36600208870393364,0.20188074708352832,0.20540376814339778,0.04900313305590043,0.06730928747138765,0.8075229883341133,-0.10270188407169889,0.03772262941461224,-0.006476839206761259
-0.5308641975308641,-0.015555555555555555,0.36316132736735973,0.2010606899223411,0.20427736132483063,0.0447419910510396,0.06145630595213669,0.8042427596893644,-0.10213868066241531,0.03444240076986338,-0.0059136357974776815
-0.5308641975308641,-0.014074074074074076,0.36032056603078577,0.20024063276115386,0.20315095450626344,0.040480849046178546,0.055603324432885515,0.8009625310446155,-0.10157547725313172,0.031162172125114407,-0.00535043238819409
-0.5308641975308641,-0.012592592592592593,0.3574798046942118,0.19942057559996665,0.20202454768769626,0.03621970704131772,0.04975034291363434,0.7976823023998666,-0.10101227384384813,0.027881943480365545,-0.004787228978910499
-0.5308641975308641,-0.011111111111111112,0.3546390433576379,0.19860051843877943,0.2008981408691291,0.03195856503645689,0.04389736139438338,0.7944020737551177,-0.10044907043456455,0.024601714835616684,-0.004224025569626921
-0.5308641975308641,-0.00962962962962963,0.35179828202106395,0.1977804612775922,0.19977173405056192,0.027697423031595836,0.038044379875132206,0.7911218451103688,-0.09988586702528096,0.02132148619086771,-0.00366082216034333
-0.5308641975308641,-0.00814814814814815,0.34895752068449004,0.19696040411640497,0.1986453272319947,0.023436281026735006,0.03219139835588103,0.7878416164656199,-0.09932266361599736,0.01804125754611885,-0.0030976187510597247
-0.5308641975308641,-0.006666666666666668,0.3461167593479161,0.1961403469552178,0.19751892041342758,0.019175139021874177,0.026338416836630074,0.7845613878208711,-0.09875946020671379,0.014761028901370099,-0.002534415341776161
-0.5308641975308641,-0.005185185185185187,0.3432759980113422,0.19532028979403054,0.19639251359486037,0.014913997017013125,0.020485435317378897,0.7812811591761222,-0.09819625679743019,0.011480800256621126,-0.001971211932492556
-0.5308641975308641,-0.0037037037037037056,0.3404352366747682,0.19450023263284333,0.1952661067762932,0.010652855012152296,0.01463245379812772,0.7780009305313733,-0.0976330533881466,0.008200571611872265,-0.0014080085232089645
-0.5308641975308641,-0.0022222222222222227,0.33759447533819426,0.1936801754716561,0.19413969995772604,0.006391713007291466,0.008779472278876765,0.7747207018866245,-0.09706984997886302,0.004920342967123403,-0.000844805113925387
-0.5308641975308641,-0.0007407407407407432,0.33475371400162035,0.19286011831046887,0.19301329313915885,0.0021305710024304148,0.0029264907596255885,0.7714404732418755,-0.09650664656957943,0.0016401143223744308,-0.0002816017046417957
-0.5308641975308641,0.0007407407407407397,0.3319129526650464,0.19204006114928165,0.19188688632059167,-0.0021305710024304148,-0.0029264907596255885,0.7681602445971266,-0.09594344316029584,-0.0016401143223744308,0.0002816017046417957
-0.5308641975308641,0.002222222222222219,0.3290721913284725,0.19122000398809444,0.1907604795020245,-0.006391713007291355,-0.008779472278876654,0.7648800159523778,-0.09538023975101224,-0.004920342967123292,0.000844805113925387
-0.5308641975308641,0.003703703703703702,0.3262314299918985,0.1903999468269072,0.18963407268345733,-0.010652855012152296,-0.01463245379812772,0.7615997873076288,-0.09481703634172867,-0.008200571611872265,0.0014080085232089645
-0.5308641975308641,0.005185185185185185,0.32339066865532456,0.18957988966571998,0.18850766586489015,-0.014913997017013236,-0.020485435317378786,0.7583195586628799,-0.09425383293244508,-0.011480800256621126,0.001971211932492556
-0.5308641975308641,0.0066666666666666645,0.32054990731875066,0.18875983250453277,0.18738125904632297,-0.019175139021874066,-0.026338416836629963,0.7550393300181311,-0.09369062952316148,-0.014761028901369988,0.0025344153417761472
-0.5308641975308641,0.008148148148148147,0.3177091459821767,0.18793977534334555,0.1862548522277558,-0.023436281026734895,-0.03219139835588092,0.7517591013733822,-0.0931274261138779,-0.01804125754611885,0.0030976187510597247
-0.5308641975308641,0.009629629629629627,0.3148683846456028,0.18711971818215833,0.1851284454091886,-0.027697423031595836,-0.038044379875132206,0.7484788727286333,-0.0925642227045943,-0.02132148619086771,0.00366082216034333
-0.5308641975308641,0.01111111111111111,0.31202762330902883,0.1862996610209711,0.18400203859062145,-0.031958565036456776,-0.04389736139438327,0.7451986440838844,-0.09200101929531072,-0.024601714835616684,0.0042240255696269075
-0.5308641975308641,0.01259259259259259,0.30918686197245493,0.18547960385978388,0.18287563177205426,-0.03621970704131772,-0.04975034291363434,0.7419184154391355,-0.09143781588602713,-0.027881943480365545,0.004787228978910499
-0.5308641975308641,0.014074074074074069,0.30634610063588097,0.18465954669859666,0.18174922495348708,-0.040480849046178546,-0.055603324432885515,0.7386381867943866,-0.09087461247674354,-0.031162172125114407,0.00535043238819409
-0.5308641975308641,0.015555555555555555,0.303505339299307,0.18383948953740945,0.1806228181349199,-0.04474199105103949,-0.06145630595213669,0.7353579581496378,-0.09031140906745995,-0.03444240076986327,0.0059136357974776815
-0.5308641975308641,0.017037037037037035,0.3006645779627331,0.1830194323762222,0.17949641131635274,-0.04900313305590043,-0.06730928747138765,0.7320777295048888,-0.08974820565817637,-0.03772262941461224,0.006476839206761259
-0.5308641975308641,0.018518518518518514,0.29782381662615914,0.18219937521503501,0.17837000449778556,-0.053264275060761146,-0.07316226899063871,0.7287975008601401,-0.08918500224889278,-0.04100285805936099,0.00704004261604485
-0.5308641975308641,0.02,0.29498305528958524,0.18137931805384777,0.17724359767921838,-0.0575254170656222,-0.07901525050988989,0.7255172722153911,-0.08862179883960919,-0.044283086704109964,0.007603246025328442
-0.5061728395061729,-0.02,0.3686863275188012,0.20265562008469482,0.20648211066126182,0.05302949127820167,0.07291251955809441,0.8106224803387793,-0.10324105533063091,0.04082212141927821,-0.007016010465693279
-0.5061728395061729,-0.018518518518518517,0.36606758720876653,0.2018996548732267,0.20544270170338136,0.04910138081314974,0.06751159218342084,0.8075986194929068,-0.10272135085169068,0.03779826057340574,-0.006496305986753048
-0.5061728395061729,-0.017037037037037038,0.3634488468987319,0.2011436896617586,0.20440329274550084,0.045173270348097816,0.06211066480874705,0.8045747586470344,-0.10220164637275042,0.03477439972753338,-0.00597660150781279
-0.5061728395061729,-0.015555555555555555,0.36083010658869724,0.2003877244502905,0.20336388378762038,0.04124515988304589,0.05670973743407348,0.801550897801162,-0.10168194189381019,0.031750538881660906,-0.005456897028872559
-0.5061728395061729,-0.014074074074074076,0.35821136627866257,0.19963175923882234,0.2023244748297399,0.03731704941799374,0.05130881005939991,0.7985270369552894,-0.10116223741486995,0.028726678035788322,-0.004937192549932315
-0.5061728395061729,-0.012592592592592593,0.35559262596862795,0.19887579402735425,0.2012850658718594,0.033388938952941816,0.04590788268472612,0.795503176109417,-0.1006425329359297,0.02570281718991596,-0.0044174880709920705
-0.5061728395061729,-0.011111111111111112,0.3529738856585933,0.19811982881588613,0.20024565691397891,0.02946082848788989,0.04050695531005255,0.7924793152635445,-0.10012282845698946,0.022678956344043488,-0.003897783592051826
-0.5061728395061729,-0.00962962962962963,0.3503551453485586,0.19736386360441804,0.19920624795609843,0.025532718022837964,0.03510602793537876,0.7894554544176722,-0.09960312397804921,0.019655095498171127,-0.0033780791131115817
-0.5061728395061729,-0.00814814814814815,0.347736405038524,0.19660789839294987,0.19816683899821794,0.021604607557785815,0.02970510056070519,0.7864315935717995,-0.09908341949910897,0.016631234652298432,-0.0028583746341713373
-0.5061728395061729,-0.006666666666666668,0.3451176647284893,0.19585193318148178,0.19712743004033742,0.01767649709273389,0.024304173186031397,0.7834077327259271,-0.09856371502016871,0.01360737380642607,-0.002338670155231079
-0.5061728395061729,-0.005185185185185187,0.34249892441845464,0.19509596797001366,0.19608802108245696,0.013748386627681963,0.018903245811357827,0.7803838718800546,-0.09804401054122848,0.010583512960553598,-0.0018189656762908485
-0.5061728395061729,-0.0037037037037037056,0.33988018410842,0.19434000275854557,0.1950486121245765,0.009820276162630037,0.013502318436684257,0.7773600110341823,-0.09752430606228825,0.007559652114681237,-0.001299261197350618
-0.5061728395061729,-0.0022222222222222227,0.33726144379838535,0.19358403754707743,0.19400920316669598,0.005892165697577889,0.008101391062010466,0.7743361501883097,-0.09700460158334799,0.004535791268808653,-0.0007795567184103597
-0.5061728395061729,-0.0007407407407407432,0.3346427034883507,0.1928280723356093,0.19296979420881552,0.001964055232525963,0.002700463687336896,0.7713122893424372,-0.09648489710440776,0.0015119304229361807,-0.00025985223947012914
-0.5061728395061729,0.0007407407407407397,0.33202396317831606,0.19207210712414122,0.19193038525093503,-0.001964055232525963,-0.002700463687336785,0.7682884284965649,-0.09596519262546752,-0.0015119304229361807,0.00025985223947011526
-0.5061728395061729,0.002222222222222219,0.3294052228682814,0.19131614191267307,0.19089097629305454,-0.005892165697578111,-0.008101391062010466,0.7652645676506923,-0.09544548814652727,-0.004535791268808764,0.0007795567184103597
-0.5061728395061729,0.003703703703703702,0.3267864825582467,0.19056017670120498,0.18985156733517405,-0.009820276162629926,-0.013502318436684146,0.7622407068048199,-0.09492578366758703,-0.007559652114681126,0.001299261197350604
-0.5061728395061729,0.005185185185185185,0.3241677422482121,0.18980421148973686,0.18881215837729357,-0.013748386627681852,-0.018903245811357827,0.7592168459589475,-0.09440607918864678,-0.010583512960553598,0.0018189656762908485
-0.5061728395061729,0.0066666666666666645,0.3215490019381774,0.18904824627826874,0.18777274941941308,-0.01767649709273389,-0.024304173186031508,0.756192985113075,-0.09388637470970654,-0.01360737380642607,0.002338670155231093
-0.5061728395061729,0.008148148148148147,0.31893026162814275,0.18829228106680063,0.1867333404615326,-0.021604607557785926,-0.02970510056070519,0.7531691242672025,-0.0933666702307663,-0.016631234652298543,0.0028583746341713373
-0.5061728395061729,0.009629629629629627,0.31631152131810814,0.1875363158553325,0.1856939315036521,-0.025532718022837853,-0.03510602793537887,0.75014526342133,-0.09284696575182605,-0.019655095498171016,0.0033780791131115817
-0.5061728395061729,0.01111111111111111,0.31369278100807346,0.1867803506438644,0.1846545225457716,-0.02946082848788989,-0.04050695531005255,0.7471214025754576,-0.0923272612728858,-0.022678956344043488,0.003897783592051826
-0.5061728395061729,0.01259259259259259,0.3110740406980388,0.18602438543239627,0.18361511358789112,-0.033388938952941816,-0.04590788268472623,0.7440975417295851,-0.09180755679394556,-0.02570281718991596,0.0044174880709920705
-0.5061728395061729,0.014074074074074069,0.30845530038800417,0.18526842022092815,0.18257570463001063,-0.03731704941799385,-0.05130881005939991,0.7410736808837126,-0.09128785231500532,-0.028726678035788433,0.004937192549932315
-0.5061728395061729,0.015555555555555555,0.3058365600779695,0.18451245500946006,0.18153629567213014,-0.04124515988304567,-0.05670973743407359,0.7380498200378403,-0.09076814783606507,-0.031750538881660795,0.005456897028872559
-0.5061728395061729,0.017037037037037035,0.3032178197679348,0.18375648979799192,0.18049688671424965,-0.045173270348097816,-0.06211066480874716,0.7350259591919677,-0.09024844335712483,-0.03477439972753338,0.005976601507812804
-0.5061728395061729,0.018518518518518514,0.3005990794579002,0.18300052458652383,0.17945747775636917,-0.04910138081314974,-0.06751159218342084,0.7320020983460953,-0.08972873887818458,-0.03779826057340574,0.006496305986753048
-0.5061728395061729,0.02,0.29798033914786554,0.18224455937505568,0.17841806879848868,-0.05302949127820189,-0.07291251955809452,0.7289782375002227,-0.08920903439924434,-0.04082212141927832,0.0070160104656932926
-0.4814814814814814,-0.02,0.36592329777771027,0.20185800210229593,0.20538112978085674,0.04888494666656529,0.06719165508902392,0.8074320084091837,-0.10269056489042837,0.03763164948968267,-0.006465520025490737
-0.4814814814814814,-0.018518518518518517,0.3635092263373861,0.20116111970433886,0.20442327496226556,0.04526383950607915,0.06221449545280011,0.8046444788173555,-0.10221163748113278,0.03484411989785441,-0.005986592616195149
-0.4814814814814814,-0.017037037037037038,0.36109515489706184,0.20046423730638177,0.20346542014367433,0.04164273234559279,0.057237335816576085,0.8018569492255271,-0.10173271007183717,0.032056590306026034,-0.005507665206899534
-0.4814814814814814,-0.015555555555555555,0.35868108345673766,0.19976735490842468,0.2025075653250831,0.038021625185106434,0.05226017618035206,0.7990694196336987,-0.10125378266254155,0.02926906071419766,-0.005028737797603919
-0.4814814814814814,-0.014074074074074076,0.3562670120164134,0.19907047251046758,0.20154971050649187,0.034400518024620075,0.04728301654412803,0.7962818900418703,-0.10077485525324593,0.026481531122369284,-0.0045498103883083035
-0.4814814814814814,-0.012592592592592593,0.3538529405760892,0.1983735901125105,0.20059185568790064,0.030779410864133716,0.042305856907904005,0.793494360450042,-0.10029592784395032,0.02369400153054091,-0.004070882979012688
-0.4814814814814814,-0.011111111111111112,0.351438869135765,0.1976767077145534,0.19963400086930944,0.027158303703647357,0.03732869727167998,0.7907068308582136,-0.09981700043465472,0.020906471938712534,-0.003591955569717087
-0.4814814814814814,-0.00962962962962963,0.34902479769544076,0.1969798253165963,0.1986761460507182,0.023537196543161,0.03235153763545595,0.7879193012663852,-0.0993380730253591,0.01811894234688416,-0.0031130281604214716
-0.4814814814814814,-0.00814814814814815,0.3466107262551166,0.19628294291863926,0.19771829123212697,0.019916089382674862,0.027374377999231925,0.785131771674557,-0.09885914561606349,0.015331412755056006,-0.0026341007511258563
-0.4814814814814814,-0.006666666666666668,0.34419665481479234,0.19558606052068217,0.19676043641353574,0.016294982222188503,0.022397218363007898,0.7823442420827287,-0.09838021820676787,0.012543883163227632,-0.002155173341830241
-0.4814814814814814,-0.005185185185185187,0.34178258337446815,0.19488917812272508,0.19580258159494457,0.012673875061702145,0.017420058726784093,0.7795567124909003,-0.09790129079747228,0.009756353571399257,-0.0016762459325346535
-0.4814814814814814,-0.0037037037037037056,0.3393685119341439,0.19419229572476798,0.19484472677635334,0.009052767901215786,0.012442899090560067,0.7767691828990719,-0.09742236338817667,0.006968823979570882,-0.0011973185232390382
-0.4814814814814814,-0.0022222222222222227,0.3369544404938197,0.1934954133268109,0.1938868719577621,0.005431660740729427,0.00746573945433604,0.7739816533072436,-0.09694343597888105,0.004181294387742507,-0.0007183911139434229
-0.4814814814814814,-0.0007407407407407432,0.3345403690534955,0.1927985309288538,0.19292901713917088,0.0018105535802430683,0.0024885798181120133,0.7711941237154152,-0.09646450856958544,0.001393764795914132,-0.00023946370464780764
-0.4814814814814814,0.0007407407407407397,0.33212629761317125,0.19210164853089673,0.19197116232057965,-0.0018105535802430683,-0.0024885798181120133,0.7684065941235869,-0.09598558116028982,-0.001393764795914132,0.00023946370464780764
-0.4814814814814814,0.002222222222222219,0.32971222617284707,0.19140476613293964,0.19101330750198842,-0.005431660740729427,-0.00746573945433604,0.7656190645317585,-0.09550665375099421,-0.004181294387742507,0.0007183911139434229
-0.4814814814814814,0.003703703703703702,0.32729815473252283,0.19070788373498254,0.1900554526833972,-0.009052767901215786,-0.012442899090559956,0.7628315349399302,-0.0950277263416986,-0.006968823979570882,0.0011973185232390243
-0.4814814814814814,0.005185185185185185,0.3248840832921986,0.19001100133702545,0.18909759786480598,-0.012673875061702145,-0.017420058726783982,0.7600440053481018,-0.09454879893240299,-0.009756353571399257,0.0016762459325346396
-0.4814814814814814,0.0066666666666666645,0.3224700118518744,0.18931411893906835,0.18813974304621475,-0.016294982222188503,-0.02239721836300801,0.7572564757562734,-0.09406987152310738,-0.012543883163227632,0.002155173341830255
-0.4814814814814814,0.008148148148148147,0.32005594041155017,0.1886172365411113,0.18718188822762352,-0.01991608938267475,-0.027374377999232147,0.7544689461644452,-0.09359094411381176,-0.015331412755055895,0.00263410075112587
-0.4814814814814814,0.009629629629629627,0.317641868971226,0.1879203541431542,0.18622403340903232,-0.02353719654316111,-0.03235153763545595,0.7516814165726168,-0.09311201670451616,-0.01811894234688427,0.0031130281604214716
-0.4814814814814814,0.01111111111111111,0.31522779753090174,0.1872234717451971,0.1852661785904411,-0.02715830370364747,-0.03732869727168009,0.7488938869807884,-0.09263308929522054,-0.020906471938712645,0.003591955569717087
-0.4814814814814814,0.01259259259259259,0.31281372609057756,0.18652658934724003,0.18430832377184989,-0.030779410864133716,-0.042305856907903894,0.7461063573889601,-0.09215416188592494,-0.02369400153054091,0.004070882979012688
-0.4814814814814814,0.014074074074074069,0.3103996546502533,0.18582970694928294,0.18335046895325866,-0.034400518024620075,-0.04728301654412803,0.7433188277971318,-0.09167523447662933,-0.026481531122369284,0.0045498103883083035
-0.4814814814814814,0.015555555555555555,0.3079855832099291,0.18513282455132585,0.18239261413466742,-0.038021625185106434,-0.05226017618035206,0.7405312982053034,-0.09119630706733371,-0.02926906071419766,0.005028737797603919
-0.4814814814814814,0.017037037037037035,0.3055715117696049,0.18443594215336878,0.18143475931607622,-0.04164273234559268,-0.057237335816575974,0.7377437686134751,-0.09071737965803811,-0.03205659030602592,0.00550766520689952
-0.4814814814814814,0.018518518518518514,0.30315744032928066,0.1837390597554117,0.180476904497485,-0.04526383950607904,-0.0622144954528,0.7349562390216468,-0.0902384522487425,-0.0348441198978543,0.0059865926161951355
-0.4814814814814814,0.02,0.3007433688889565,0.1830421773574546,0.17951904967889376,-0.0488849466665654,-0.06719165508902403,0.7321687094298184,-0.08975952483944688,-0.03763164948968267,0.006465520025490751
-0.45679012345679004,-0.02,0.36337621391407754,0.20112272232513745,0.20435067062534024,0.045064320871116115,0.06183723225158655,0.8044908893005498,-0.10217533531267012,0.034690530381048745,-0.005950290447732487
-0.45679012345679004,-0.018518518518518517,0.3611508153525409,0.2004803050958588,0.203469146114565,0.04172622302881135,0.0572566965292467,0.8019212203834352,-0.1017345730572825,0.032120861463934114,-0.005509528192344876
-0.45679012345679004,-0.017037037037037038,0.3589254167910043,0.1998378878665801,0.20258762160378987,0.03838812518650636,0.05267616080690707,0.7993515514663204,-0.10129381080189494,0.02955119254681937,-0.005068765936957306
-0.45679012345679004,-0.015555555555555555,0.35670001822946773,0.19919547063730145,0.20170609709301465,0.035050027344201595,0.04809562508456722,0.7967818825492058,-0.10085304854650733,0.02698152362970474,-0.004628003681569695
-0.45679012345679004,-0.014074074074074076,0.3544746196679311,0.19855305340802273,0.2008245725822395,0.03171192950189661,0.04351508936222759,0.7942122136320909,-0.10041228629111976,0.024411854712589887,-0.004187241426182126
-0.45679012345679004,-0.012592592592592593,0.3522492211063945,0.19791063617874405,0.1999430480714643,0.02837383165959162,0.03893455363988774,0.7916425447149762,-0.09997152403573215,0.021842185795475144,-0.0037464791707945144
-0.45679012345679004,-0.011111111111111112,0.3500238225448579,0.1972682189494654,0.19906152356068912,0.025035733817286854,0.03435401791754811,0.7890728757978616,-0.09953076178034456,0.019272516878360513,-0.003305716915406931
-0.45679012345679004,-0.00962962962962963,0.3477984239833213,0.1966258017201867,0.19817999904991393,0.021697635974981866,0.029773482195208256,0.7865032068807468,-0.09908999952495696,0.01670284796124577,-0.0028649546600193337
-0.45679012345679004,-0.00814814814814815,0.3455730254217847,0.195983384490908,0.19729847453913876,0.018359538132676878,0.025192946472868627,0.783933537963632,-0.09864923726956938,0.014133179044130917,-0.0024241924046317503
-0.45679012345679004,-0.006666666666666668,0.3433476268602481,0.19534096726162933,0.19641695002836357,0.015021440290372112,0.020612410750528776,0.7813638690465173,-0.09820847501418178,0.011563510127016285,-0.001983430149244153
-0.45679012345679004,-0.005185185185185187,0.34112222829871147,0.19469855003235065,0.1955354255175884,0.011683342448067124,0.016031875028189146,0.7787942001294026,-0.0977677127587942,0.008993841209901543,-0.0015426678938565697
-0.45679012345679004,-0.0037037037037037056,0.3388968297371749,0.194056132803072,0.1946539010068132,0.008345244605762359,0.011451339305849295,0.776224531212288,-0.0973269505034066,0.006424172292786912,-0.0011019056384689724
-0.45679012345679004,-0.0022222222222222227,0.3366714311756383,0.19341371557379328,0.19377237649603804,0.005007146763457371,0.006870803583509666,0.7736548622951731,-0.09688618824801902,0.003854503375672058,-0.000661143383081389
-0.45679012345679004,-0.0007407407407407432,0.33444603261410166,0.1927712983445146,0.19289085198526285,0.001669048921152383,0.0022902678611698146,0.7710851933780584,-0.09644542599263142,0.0012848344585573157,-0.0002203811276937917
-0.45679012345679004,0.0007407407407407397,0.3322206340525651,0.1921288811152359,0.19200932747448768,-0.001669048921152494,-0.0022902678611698146,0.7685155244609436,-0.09600466373724384,-0.0012848344585574267,0.0002203811276937917
-0.45679012345679004,0.002222222222222219,0.3299952354910285,0.19148646388595725,0.1911278029637125,-0.00500714676345726,-0.006870803583509444,0.765945855543829,-0.09556390148185626,-0.003854503375672058,0.0006611433830813751
-0.45679012345679004,0.003703703703703702,0.32776983692949185,0.19084404665667856,0.1902462784529373,-0.008345244605762248,-0.011451339305849406,0.7633761866267142,-0.09512313922646864,-0.006424172292786801,0.0011019056384689863
-0.45679012345679004,0.005185185185185185,0.32554443836795527,0.19020162942739988,0.18936475394216212,-0.011683342448067124,-0.016031875028189146,0.7608065177095995,-0.09468237697108106,-0.008993841209901543,0.0015426678938565697
-0.45679012345679004,0.0066666666666666645,0.3233190398064187,0.1895592121981212,0.18848322943138693,-0.015021440290372112,-0.020612410750528887,0.7582368487924848,-0.09424161471569346,-0.011563510127016285,0.001983430149244167
-0.45679012345679004,0.008148148148148147,0.32109364124488204,0.1889167949688425,0.18760170492061176,-0.01835953813267699,-0.025192946472868516,0.75566717987537,-0.09380085246030588,-0.014133179044131028,0.0024241924046317503
-0.45679012345679004,0.009629629629629627,0.31886824268334546,0.18827437773956382,0.18672018040983657,-0.021697635974981977,-0.029773482195208367,0.7530975109582553,-0.09336009020491828,-0.01670284796124577,0.0028649546600193476
-0.45679012345679004,0.01111111111111111,0.3166428441218088,0.18763196051028516,0.1858386558990614,-0.025035733817286743,-0.034354017917547996,0.7505278420411406,-0.0929193279495307,-0.0192725168783604,0.003305716915406931
-0.45679012345679004,0.01259259259259259,0.31441744556027224,0.18698954328100645,0.1849571313882862,-0.02837383165959173,-0.03893455363988785,0.7479581731240258,-0.0924785656941431,-0.021842185795475255,0.0037464791707945283
-0.45679012345679004,0.014074074074074069,0.31219204699873565,0.1863471260517278,0.184075606877511,-0.03171192950189661,-0.0435150893622277,0.7453885042069112,-0.0920378034387555,-0.024411854712589887,0.004187241426182126
-0.45679012345679004,0.015555555555555555,0.309966648437199,0.1857047088224491,0.18319408236673584,-0.035050027344201484,-0.04809562508456733,0.7428188352897964,-0.09159704118336792,-0.02698152362970463,0.004628003681569709
-0.45679012345679004,0.017037037037037035,0.3077412498756624,0.18506229159317042,0.18231255785596065,-0.03838812518650636,-0.05267616080690707,0.7402491663726817,-0.09115627892798032,-0.02955119254681937,0.005068765936957306
-0.45679012345679004,0.018518518518518514,0.30551585131412584,0.18441987436389173,0.18143103334518548,-0.04172622302881135,-0.05725669652924681,0.7376794974555669,-0.09071551667259274,-0.032120861463934114,0.00550952819234489
-0.45679012345679004,0.02,0.3032904527525892,0.18377745713461305,0.1805495088344103,-0.045064320871116226,-0.06183723225158655,0.7351098285384522,-0.09027475441720514,-0.034690530381048856,0.005950290447732487
-0.4320987654320987,-0.02,0.3610281985771825,0.20044490868172862,0.20338767468824073,0.04154229786577379,0.056833358579970294,0.8017796347269145,-0.10169383734412037,0.03197927580741344,-0.005468792479182735
-0.4320987654320987,-0.018518518518518517,0.3589767270776381,0.19985269987048024,0.20257748320984328,0.0384650906164572,0.0526234801666392,0.799410799481921,-0.10128874160492164,0.029610440562419904,-0.005063696739984011
-0.4320987654320987,-0.017037037037037038,0.35692525557809374,0.19926049105923183,0.2017672917314458,0.035387883367140605,0.04841360175330789,0.7970419642369273,-0.1008836458657229,0.027241605317426254,-0.004658601000785273
-0.4320987654320987,-0.015555555555555555,0.35487378407854936,0.19866828224798344,0.2009571002530484,0.03231067611782401,0.0442037233399768,0.7946731289919338,-0.1004785501265242,0.024872770072432715,-0.004253505261586563
-0.4320987654320987,-0.014074074074074076,0.352822312579005,0.19807607343673503,0.20014690877465094,0.029233468868507417,0.039993844926645705,0.7923042937469401,-0.10007345438732547,0.022503934827439065,-0.0038484095223878384
-0.4320987654320987,-0.012592592592592593,0.3507708410794606,0.19748386462548662,0.19933671729625352,0.026156261619190824,0.03578396651331461,0.7899354585019465,-0.09966835864812676,0.020135099582445415,-0.003443313783189128
-0.4320987654320987,-0.011111111111111112,0.3487193695799162,0.19689165581423823,0.19852652581785607,0.02307905436987423,0.03157408809998352,0.7875666232569529,-0.09926326290892803,0.017766264337451876,-0.003038218043990404
-0.4320987654320987,-0.00962962962962963,0.34666789808037185,0.19629944700298982,0.19771633433945865,0.020001847120557636,0.02736420968665243,0.7851977880119593,-0.09885816716972932,0.015397429092458226,-0.0026331223047916935
-0.4320987654320987,-0.00814814814814815,0.3446164265808275,0.19570723819174143,0.19690614286106117,0.016924639871241043,0.023154331273321116,0.7828289527669657,-0.09845307143053059,0.013028593847464687,-0.0022280265655929554
-0.4320987654320987,-0.006666666666666668,0.3425649550812831,0.19511502938049308,0.19609595138266372,0.013847432621924671,0.018944452859990024,0.7804601175219723,-0.09804797569133186,0.010659758602471259,-0.0018229308263942312
-0.4320987654320987,-0.005185185185185187,0.3405134835817387,0.19452282056924466,0.1952857599042663,0.010770225372608078,0.014734574446658932,0.7780912822769787,-0.09764287995213315,0.008290923357477609,-0.0014178350871955209
-0.4320987654320987,-0.0037037037037037056,0.33846201208219434,0.19393061175799625,0.19447556842586886,0.007693018123291484,0.01052469603332784,0.775722447031985,-0.09723778421293443,0.005922088112483959,-0.0010127393479967967
-0.4320987654320987,-0.0022222222222222227,0.33641054058264996,0.19333840294674787,0.19366537694747143,0.00461581087397489,0.006314817619996749,0.7733536117869915,-0.09683268847373572,0.0035532528674904196,-0.0006076436087980863
-0.4320987654320987,-0.0007407407407407432,0.3343590690831056,0.19274619413549945,0.19285518546907401,0.0015386036246582968,0.002104939206665657,0.7709847765419978,-0.09642759273453701,0.0011844176224967695,-0.00020254786959937598
-0.4320987654320987,0.0007407407407407397,0.33230759758356115,0.19215398532425107,0.19204499399067654,-0.0015386036246582968,-0.002104939206665546,0.7686159412970043,-0.09602249699533827,-0.0011844176224967695,0.0002025478695993621
-0.4320987654320987,0.002222222222222219,0.3302561260840168,0.19156177651300266,0.19123480251227912,-0.00461581087397489,-0.006314817619996638,0.7662471060520106,-0.09561740125613956,-0.0035532528674904196,0.0006076436087980724
-0.4320987654320987,0.003703703703703702,0.3282046545844724,0.19096956770175427,0.19042461103388167,-0.007693018123291373,-0.01052469603332773,0.7638782708070171,-0.09521230551694083,-0.005922088112483959,0.0010127393479967967
-0.4320987654320987,0.005185185185185185,0.326153183084928,0.1903773588905059,0.18961441955548422,-0.010770225372607967,-0.014734574446658932,0.7615094355620236,-0.09480720977774211,-0.008290923357477498,0.0014178350871955209
-0.4320987654320987,0.0066666666666666645,0.32410171158538364,0.18978515007925748,0.1888042280770868,-0.01384743262192456,-0.018944452859990024,0.7591406003170299,-0.0944021140385434,-0.010659758602471148,0.0018229308263942312
-0.4320987654320987,0.008148148148148147,0.32205024008583927,0.1891929412680091,0.18799403659868932,-0.016924639871241043,-0.023154331273321338,0.7567717650720364,-0.09399701829934466,-0.013028593847464687,0.0022280265655929693
-0.4320987654320987,0.009629629629629627,0.3199987685862949,0.18860073245676068,0.1871838451202919,-0.020001847120557747,-0.02736420968665232,0.7544029298270427,-0.09359192256014595,-0.015397429092458337,0.0026331223047916796
-0.4320987654320987,0.01111111111111111,0.3179472970867505,0.1880085236455123,0.18637365364189445,-0.02307905436987423,-0.03157408809998352,0.7520340945820492,-0.09318682682094723,-0.017766264337451876,0.003038218043990404
-0.4320987654320987,0.01259259259259259,0.31589582558720614,0.1874163148342639,0.185563462163497,-0.026156261619190713,-0.03578396651331461,0.7496652593370556,-0.0927817310817485,-0.020135099582445415,0.003443313783189128
-0.4320987654320987,0.014074074074074069,0.31384435408766176,0.1868241060230155,0.18475327068509959,-0.029233468868507417,-0.039993844926645705,0.747296424092062,-0.09237663534254979,-0.022503934827439065,0.0038484095223878384
-0.4320987654320987,0.015555555555555555,0.3117928825881174,0.18623189721176708,0.18394307920670214,-0.03231067611782401,-0.0442037233399768,0.7449275888470683,-0.09197153960335107,-0.024872770072432715,0.004253505261586563
-0.4320987654320987,0.017037037037037035,0.309741411088573,0.1856396884005187,0.1831328877283047,-0.035387883367140605,-0.048413601753308,0.7425587536020748,-0.09156644386415234,-0.027241605317426254,0.004658601000785287
-0.4320987654320987,0.018518518518518514,0.3076899395890286,0.18504747958927031,0.18232269624990727,-0.03846509061645709,-0.05262348016663909,0.7401899183570813,-0.09116134812495363,-0.029610440562419793,0.005063696739983997
-0.4320987654320987,0.02,0.30563846808948425,0.1844552707780219,0.1815125047715098,-0.04154229786577368,-0.056833358579970406,0.7378210831120876,-0.0907562523857549,-0.03197927580741344,0.005468792479182735
-0.40740740740740733,-0.02,0.3588636934735182,0.19982006987959713,0.2024890338844347,0.038295540210277146,0.05216388399013061,0.7992802795183885,-0.10124451694221735,0.029479920598887488,-0.005019472077279721
-0.40740740740740733,-0.018518518518518517,0.35697255568535635,0.1992741454240622,0.2017454083915044,0.03545883352803436,0.04829989258345435,0.7970965816962488,-0.1008727041957522,0.027296222776747703,-0.004647659330814569
-0.40740740740740733,-0.017037037037037038,0.3550814178971945,0.19872822096852727,0.20100178289857407,0.0326221268457918,0.04443590117677809,0.7949128838741091,-0.10050089144928703,0.02511252495460803,-0.004275846584349402
-0.40740740740740733,-0.015555555555555555,0.3531902801090327,0.1981822965129923,0.20025815740564373,0.029785420163549015,0.04057190977010161,0.7927291860519692,-0.10012907870282187,0.022928827132468133,-0.0039040338378842354
-0.40740740740740733,-0.014074074074074076,0.35129914232087084,0.19763637205745735,0.1995145319127134,0.02694871348130623,0.03670791836342535,0.7905454882298294,-0.0997572659563567,0.020745129310328347,-0.003532221091419069
-0.40740740740740733,-0.012592592592592593,0.349408004532709,0.19709044760192237,0.19877090641978304,0.024112006799063446,0.03284392695674887,0.7883617904076895,-0.09938545320989152,0.01856143148818845,-0.0031604083449538883
-0.40740740740740733,-0.011111111111111112,0.3475168667445472,0.19654452314638743,0.19802728092685273,0.02127530011682066,0.02897993555007261,0.7861780925855497,-0.09901364046342637,0.016377733666048666,-0.0027885955984887356
-0.40740740740740733,-0.00962962962962963,0.3456257289563853,0.19599859869085245,0.19728365543392243,0.018438593434577877,0.02511594414339635,0.7839943947634098,-0.09864182771696121,0.01419403584390877,-0.002416782852023583
-0.40740740740740733,-0.00814814814814815,0.34373459116822347,0.1954526742353175,0.19654002994099207,0.015601886752335092,0.02125195273671987,0.78181069694127,-0.09827001497049603,0.012010338021768985,-0.0020449701055584024
-0.40740740740740733,-0.006666666666666668,0.34184345338006167,0.19490674977978253,0.19579640444806176,0.012765180070092308,0.01738796133004361,0.7796269991191301,-0.09789820222403088,0.009826640199629089,-0.0016731573590932497
-0.40740740740740733,-0.005185185185185187,0.3399523155918998,0.19436082532424762,0.1950527789551314,0.009928473387849746,0.01352396992336713,0.7774433012969905,-0.0975263894775657,0.0076429423774894145,-0.0013013446126280692
-0.40740740740740733,-0.0037037037037037056,0.33806117780373796,0.19381490086871267,0.1943091534622011,0.007091766705606961,0.00965997851669087,0.7752596034748507,-0.09715457673110055,0.005459244555349629,-0.0009295318661629165
-0.40740740740740733,-0.0022222222222222227,0.33617004001557615,0.1932689764131777,0.19356552796927076,0.004255060023364177,0.005795987110014611,0.7730759056527108,-0.09678276398463538,0.0032755467332097332,-0.0005577191196977499
-0.40740740740740733,-0.0007407407407407432,0.3342789022274143,0.19272305195764275,0.19282190247634043,0.0014183533411213922,0.0019319957033381296,0.770892207830571,-0.09641095123817021,0.001091848911069948,-0.0001859063732325833
-0.40740740740740733,0.0007407407407407397,0.33238776443925244,0.19217712750210778,0.1920782769834101,-0.0014183533411213922,-0.0019319957033381296,0.7687085100084311,-0.09603913849170505,-0.001091848911069948,0.0001859063732325833
-0.40740740740740733,0.002222222222222219,0.33049662665109064,0.19163120304657283,0.19133465149047976,-0.004255060023364177,-0.0057959871100145,0.7665248121862913,-0.09566732574523988,-0.0032755467332097332,0.0005577191196977499
-0.40740740740740733,0.003703703703703702,0.3286054888629288,0.19108527859103788,0.19059102599754943,-0.00709176670560685,-0.00965997851669087,0.7643411143641515,-0.09529551299877471,-0.005459244555349518,0.0009295318661629165
-0.40740740740740733,0.005185185185185185,0.32671435107476693,0.1905393541355029,0.1898474005046191,-0.009928473387849746,-0.01352396992336724,0.7621574165420116,-0.09492370025230955,-0.0076429423774894145,0.001301344612628083
-0.40740740740740733,0.0066666666666666645,0.3248232132866051,0.18999342967996796,0.18910377501168876,-0.012765180070092419,-0.01738796133004361,0.7599737187198718,-0.09455188750584438,-0.0098266401996292,0.0016731573590932497
-0.40740740740740733,0.008148148148148147,0.32293207549844327,0.189447505224433,0.18836014951875846,-0.015601886752335314,-0.02125195273671987,0.757790020897732,-0.09418007475937923,-0.012010338021769096,0.0020449701055584024
-0.40740740740740733,0.009629629629629627,0.3210409377102814,0.18890158076889807,0.18761652402582812,-0.018438593434577877,-0.02511594414339624,0.7556063230755923,-0.09380826201291406,-0.01419403584390877,0.002416782852023569
-0.40740740740740733,0.01111111111111111,0.31914979992211956,0.1883556563133631,0.1868728985328978,-0.02127530011682066,-0.02897993555007261,0.7534226252534524,-0.0934364492664489,-0.016377733666048666,0.0027885955984887356
-0.40740740740740733,0.01259259259259259,0.31725866213395776,0.18780973185782815,0.18612927303996746,-0.024112006799063446,-0.03284392695674898,0.7512389274313126,-0.09306463651998373,-0.01856143148818845,0.003160408344953902
-0.40740740740740733,0.014074074074074069,0.3153675243457959,0.18726380740229318,0.18538564754703712,-0.02694871348130623,-0.03670791836342535,0.7490552296091727,-0.09269282377351856,-0.020745129310328347,0.003532221091419069
-0.40740740740740733,0.015555555555555555,0.31347638655763405,0.18671788294675823,0.1846420220541068,-0.029785420163549015,-0.04057190977010172,0.7468715317870329,-0.0923210110270534,-0.022928827132468133,0.0039040338378842354
-0.40740740740740733,0.017037037037037035,0.31158524876947225,0.18617195849122328,0.18389839656117646,-0.03262212684579169,-0.04443590117677809,0.7446878339648931,-0.09194919828058823,-0.025112524954607918,0.004275846584349402
-0.40740740740740733,0.018518518518518514,0.3096941109813104,0.1856260340356883,0.18315477106824612,-0.03545883352803447,-0.04829989258345435,0.7425041361427532,-0.09157738553412306,-0.027296222776747814,0.004647659330814569
-0.40740740740740733,0.02,0.30780297319314853,0.18508010958015336,0.1824111455753158,-0.03829554021027726,-0.05216388399013072,0.7403204383206134,-0.0912055727876579,-0.0294799205988876,0.005019472077279735
-0.382716049382716,-0.02,0.35686835627525937,0.19924406564532776,0.20165162455455304,0.035302534412889,0.047812577471868956,0.796976262581311,-0.10082581227727652,0.027175903661809997,-0.004600767412338891
-0.382716049382716,-0.018518518518518517,0.3551250212425241,0.19874080817010903,0.2009700293823547,0.032687531863786035,0.044270905066545296,0.7949632326804361,-0.10048501469117735,0.025162873760935067,-0.004259969826239718
-0.382716049382716,-0.017037037037037038,0.3533816862097888,0.19823755069489038,0.20028843421015632,0.030072529314683294,0.04072923266122164,0.7929502027795615,-0.10014421710507816,0.02314984386006047,-0.003919172240140531
-0.382716049382716,-0.015555555555555555,0.35163835117705355,0.19773429321967165,0.19960683903795798,0.02745752676558033,0.03718756025589798,0.7909371728786866,-0.09980341951897899,0.02113681395918554,-0.003578374654041358
-0.382716049382716,-0.014074074074074076,0.34989501614431834,0.19723103574445294,0.1989252438657596,0.02484252421647737,0.03364588785057432,0.7889241429778118,-0.0994626219328798,0.019123784058310722,-0.003237577067942171
-0.382716049382716,-0.012592592592592593,0.34815168111158307,0.19672777826923427,0.19824364869356126,0.022227521667374628,0.03010421544525066,0.7869111130769371,-0.09912182434678063,0.017110754157436014,-0.002896779481842998
-0.382716049382716,-0.011111111111111112,0.3464083460788478,0.19622452079401553,0.19756205352136294,0.019612519118271665,0.026562543039927222,0.7848980831760621,-0.09878102676068147,0.015097724256561085,-0.002555981895743839
-0.382716049382716,-0.00962962962962963,0.3446650110461126,0.19572126331879683,0.19688045834916457,0.016997516569168702,0.023020870634603563,0.7828850532751873,-0.09844022917458228,0.013084694355686266,-0.002215184309644652
-0.382716049382716,-0.00814814814814815,0.3429216760133773,0.19521800584357815,0.19619886317696622,0.014382514020065962,0.019479198229279904,0.7808720233743126,-0.09809943158848311,0.011071664454811558,-0.0018743867235454792
-0.382716049382716,-0.006666666666666668,0.34117834098064204,0.19471474836835942,0.19551726800476785,0.011767511470962999,0.015937525823956245,0.7788589934734377,-0.09775863400238392,0.009058634553936629,-0.0015335891374462923
-0.382716049382716,-0.005185185185185187,0.33943500594790676,0.19421149089314071,0.19483567283256947,0.009152508921860036,0.012395853418632585,0.7768459635725629,-0.09741783641628474,0.00704560465306181,-0.0011927915513471055
-0.382716049382716,-0.0037037037037037056,0.3376916709151715,0.19370823341792204,0.19415407766037115,0.006537506372757296,0.008854181013309148,0.7748329336716882,-0.09707703883018558,0.005032574752187102,-0.0008519939652479463
-0.382716049382716,-0.0022222222222222227,0.3359483358824363,0.1932049759427033,0.1934724824881728,0.003922503823654333,0.005312508607985489,0.7728199037708132,-0.0967362412440864,0.0030195448513121725,-0.0005111963791487734
-0.382716049382716,-0.0007407407407407432,0.334205000849701,0.1927017184674846,0.19279088731597444,0.0013075012745513703,0.0017708362026618296,0.7708068738699384,-0.09639544365798722,0.0010065149504373538,-0.0001703987930495865
-0.382716049382716,0.0007407407407407397,0.33246166581696573,0.1921984609922659,0.1921092921437761,-0.0013075012745514814,-0.0017708362026618296,0.7687938439690636,-0.09605464607188804,-0.0010065149504374649,0.0001703987930495865
-0.382716049382716,0.002222222222222219,0.33071833078423046,0.19169520351704722,0.19142769697157774,-0.003922503823654222,-0.005312508607985378,0.7667808140681889,-0.09571384848578887,-0.0030195448513121725,0.0005111963791487595
-0.382716049382716,0.003703703703703702,0.32897499575149525,0.19119194604182851,0.19074610179937937,-0.006537506372757185,-0.008854181013309037,0.7647677841673141,-0.09537305089968968,-0.005032574752186991,0.0008519939652479463
-0.382716049382716,0.005185185185185185,0.32723166071876,0.19068868856660978,0.19006450662718102,-0.009152508921860258,-0.012395853418632696,0.7627547542664391,-0.09503225331359051,-0.007045604653061921,0.0011927915513471193
-0.382716049382716,0.0066666666666666645,0.3254883256860247,0.1901854310913911,0.18938291145498268,-0.011767511470962999,-0.015937525823956245,0.7607417243655644,-0.09469145572749134,-0.009058634553936629,0.0015335891374462923
-0.382716049382716,0.008148148148148147,0.32374499065328943,0.1896821736161724,0.1887013162827843,-0.01438251402006585,-0.019479198229280015,0.7587286944646896,-0.09435065814139215,-0.011071664454811447,0.0018743867235454792
-0.382716049382716,0.009629629629629627,0.3220016556205542,0.1891789161409537,0.18801972111058596,-0.016997516569168702,-0.023020870634603563,0.7567156645638148,-0.09400986055529298,-0.013084694355686266,0.002215184309644652
-0.382716049382716,0.01111111111111111,0.32025832058781895,0.188675658665735,0.1873381259383876,-0.019612519118271665,-0.02656254303992711,0.75470263466294,-0.0936690629691938,-0.015097724256561085,0.002555981895743825
-0.382716049382716,0.01259259259259259,0.3185149855550837,0.1881724011905163,0.18665653076618927,-0.022227521667374517,-0.03010421544525066,0.7526896047620651,-0.09332826538309463,-0.017110754157435903,0.002896779481842998
-0.382716049382716,0.014074074074074069,0.3167716505223484,0.18766914371529758,0.18597493559399092,-0.02484252421647748,-0.03364588785057432,0.7506765748611903,-0.09298746779699546,-0.019123784058310722,0.003237577067942171
-0.382716049382716,0.015555555555555555,0.3150283154896132,0.18716588624007888,0.18529334042179255,-0.02745752676558033,-0.03718756025589798,0.7486635449603155,-0.09264667021089627,-0.02113681395918554,0.003578374654041358
-0.382716049382716,0.017037037037037035,0.3132849804568779,0.18666262876486017,0.1846117452495942,-0.030072529314683183,-0.04072923266122164,0.7466505150594407,-0.0923058726247971,-0.02314984386006036,0.003919172240140531
-0.382716049382716,0.018518518518518514,0.31154164542414264,0.1861593712896415,0.18393015007739585,-0.032687531863785924,-0.044270905066545185,0.744637485158566,-0.09196507503869793,-0.025162873760935067,0.004259969826239704
-0.382716049382716,0.02,0.30979831039140737,0.18565611381442276,0.18324855490519748,-0.035302534412889,-0.047812577471868845,0.742624455257691,-0.09162427745259874,-0.027175903661809997,0.004600767412338891
-0.3580246913580246,-0.02,0.3550289655858979,0.1987130792905039,0.20087233586513306,0.03254344837884693,0.04376327466035135,0.7948523171620157,-0.10043616793256653,0.025051958242514605,-0.0042111230676289
-0.3580246913580246,-0.018518518518518517,0.3534218817153376,0.19824915413786476,0.20024846578103989,0.030132822573006424,0.040521550611436474,0.792996616551459,-0.10012423289051994,0.023196257631957984,-0.003899188025582312
-0.3580246913580246,-0.017037037037037038,0.35181479784477726,0.1977852289852256,0.19962459569694674,0.02772219676716592,0.0372798265625216,0.7911409159409024,-0.09981229784847337,0.021340557021401363,-0.003587252983535738
-0.3580246913580246,-0.015555555555555555,0.3502077139742169,0.19732130383258645,0.19900072561285356,0.025311570961325414,0.03403810251360673,0.7892852153303458,-0.09950036280642678,0.019484856410844742,-0.0032753179414891503
-0.3580246913580246,-0.014074074074074076,0.3486006301036566,0.1968573786799473,0.19837685552876042,0.02290094515548491,0.030796378464691854,0.7874295147197892,-0.09918842776438021,0.01762915580028812,-0.0029633828994425765
-0.3580246913580246,-0.012592592592592593,0.34699354623309625,0.19639345352730814,0.1977529854446672,0.020490319349644404,0.027554654415776758,0.7855738141092325,-0.0988764927223336,0.0157734551897315,-0.002651447857395975
-0.3580246913580246,-0.011111111111111112,0.3453864623625359,0.19592952837466898,0.19712911536057404,0.0180796935438039,0.024312930366861885,0.7837181134986759,-0.09856455768028702,0.013917754579174879,-0.002339512815349387
-0.3580246913580246,-0.00962962962962963,0.3437793784919756,0.1954656032220298,0.1965052452764809,0.015669067737963394,0.02107120631794701,0.7818624128881192,-0.09825262263824044,0.012062053968618147,-0.0020275777733028133
-0.3580246913580246,-0.00814814814814815,0.34217229462141524,0.19500167806939064,0.1958813751923877,0.013258441932122889,0.017829482269032138,0.7800067122775626,-0.09794068759619386,0.010206353358061526,-0.0017156427312562256
-0.3580246913580246,-0.006666666666666668,0.3405652107508549,0.1945377529167515,0.1952575051082945,0.010847816126282384,0.014587758220117042,0.778151011667006,-0.09762875255414726,0.008350652747504905,-0.001403707689209624
-0.3580246913580246,-0.005185185185185187,0.33895812688029453,0.19407382776411233,0.19463363502420136,0.008437190320441879,0.011346034171202168,0.7762953110564493,-0.09731681751210068,0.006494952136948284,-0.0010917726471630501
-0.3580246913580246,-0.0037037037037037056,0.33735104300973423,0.19360990261147318,0.1940097649401082,0.0060265645146013735,0.008104310122287295,0.7744396104458927,-0.0970048824700541,0.004639251526391663,-0.0007798376051164624
-0.3580246913580246,-0.0022222222222222227,0.3357439591391739,0.19314597745883402,0.19338589485601504,0.0036159387087608685,0.004862586073372421,0.7725839098353361,-0.09669294742800752,0.0027835509158350424,-0.00046790256306988853
-0.3580246913580246,-0.0007407407407407432,0.3341368752686135,0.19268205230619487,0.19276202477192186,0.0012053129029203635,0.0016208620244575478,0.7707282092247795,-0.09638101238596093,0.0009278503052784215,-0.0001559675210233008
-0.3580246913580246,0.0007407407407407397,0.3325297913980532,0.19221812715355568,0.1921381546878287,-0.0012053129029202525,-0.0016208620244574368,0.7688725086142227,-0.09606907734391434,-0.0009278503052783105,0.00015596752102328693
-0.3580246913580246,0.002222222222222219,0.33092270752749287,0.19175420200091653,0.19151428460373549,-0.0036159387087607575,-0.004862586073372532,0.7670168080036661,-0.09575714230186774,-0.0027835509158349314,0.00046790256306988853
-0.3580246913580246,0.003703703703703702,0.3293156236569325,0.19129027684827737,0.19089041451964234,-0.0060265645146012625,-0.008104310122287295,0.7651611073931095,-0.09544520725982117,-0.004639251526391552,0.0007798376051164624
-0.3580246913580246,0.005185185185185185,0.3277085397863722,0.19082635169563822,0.19026654443554916,-0.008437190320441768,-0.01134603417120228,0.7633054067825529,-0.09513327221777458,-0.006494952136948173,0.0010917726471630501
-0.3580246913580246,0.0066666666666666645,0.32610145591581186,0.19036242654299906,0.189642674351456,-0.010847816126282162,-0.014587758220117153,0.7614497061719963,-0.094821337175728,-0.008350652747504794,0.0014037076892096378
-0.3580246913580246,0.008148148148148147,0.3244943720452515,0.18989850139035988,0.18901880426736284,-0.013258441932122889,-0.017829482269032026,0.7595940055614395,-0.09450940213368142,-0.010206353358061526,0.0017156427312562117
-0.3580246913580246,0.009629629629629627,0.3228872881746912,0.18943457623772073,0.18839493418326964,-0.015669067737963283,-0.02107120631794701,0.7577383049508829,-0.09419746709163482,-0.012062053968618147,0.0020275777733028133
-0.3580246913580246,0.01111111111111111,0.32128020430413085,0.18897065108508157,0.1877710640991765,-0.018079693543803788,-0.024312930366861885,0.7558826043403263,-0.09388553204958824,-0.013917754579174768,0.002339512815349387
-0.3580246913580246,0.01259259259259259,0.3196731204335705,0.18850672593244241,0.1871471940150833,-0.020490319349644293,-0.027554654415776758,0.7540269037297697,-0.09357359700754166,-0.01577345518973139,0.002651447857395975
-0.3580246913580246,0.014074074074074069,0.3180660365630102,0.18804280077980326,0.18652332393099014,-0.022900945155484798,-0.030796378464691743,0.752171203119213,-0.09326166196549507,-0.01762915580028801,0.0029633828994425626
-0.3580246913580246,0.015555555555555555,0.31645895269244984,0.1875788756271641,0.185899453846897,-0.025311570961325303,-0.034038102513606505,0.7503155025086564,-0.0929497269234485,-0.01948485641084463,0.0032753179414891365
-0.3580246913580246,0.017037037037037035,0.3148518688218895,0.18711495047452495,0.18527558376280379,-0.027722196767165808,-0.0372798265625216,0.7484598018980998,-0.09263779188140189,-0.021340557021401252,0.003587252983535738
-0.3580246913580246,0.018518518518518514,0.3132447849513291,0.1866510253218858,0.18465171367871064,-0.030132822573006313,-0.040521550611436474,0.7466041012875432,-0.09232585683935532,-0.023196257631957873,0.003899188025582312
-0.3580246913580246,0.02,0.3116377010807688,0.18618710016924664,0.18402784359461744,-0.03254344837884682,-0.04376327466035157,0.7447484006769866,-0.09201392179730872,-0.025051958242514494,0.0042111230676289135
-0.3333333333333333,-0.02,0.3533333333333334,0.19822359242177154,0.20014809331907027,0.030000000000000027,0.040000000000000036,0.7928943696870862,-0.10007404665953513,0.023094010767585105,-0.0038490017945975036
-0.3333333333333333,-0.018518518518518517,0.35185185185185186,0.1977959255557051,0.19957787083098175,0.02777777777777768,0.03703703703703698,0.7911837022228204,-0.09978893541549087,0.02138334330331937,-0.003563890550553242
-0.3333333333333333,-0.017037037037037038,0.3503703703703704,0.19736825868963875,0.19900764834289325,0.025555555555555554,0.034074074074074145,0.789473034758555,-0.09950382417144663,0.019672675839053966,-0.0032787793065089943
-0.3333333333333333,-0.015555555555555555,0.3488888888888889,0.19694059182357238,0.1984374258548047,0.023333333333333428,0.03111111111111109,0.7877623672942895,-0.09921871292740235,0.017962008374788452,-0.002993668062464719
-0.3333333333333333,-0.014074074074074076,0.34740740740740744,0.19651292495750597,0.1978672033667162,0.02111111111111108,0.028148148148148255,0.7860516998300239,-0.0989336016833581,0.016251340910522827,-0.002708556818420471
-0.3333333333333333,-0.012592592592592593,0.34592592592592597,0.1960852580914396,0.19729698087862768,0.018888888888888955,0.0251851851851852,0.7843410323657584,-0.09864849043931384,0.014540673446257313,-0.0024234455743762096
-0.3333333333333333,-0.011111111111111112,0.3444444444444445,0.19565759122537318,0.19672675839053913,0.016666666666666607,0.022222222222222143,0.7826303649014927,-0.09836337919526957,0.012830005981991688,-0.002138334330331934
-0.3333333333333333,-0.00962962962962963,0.342962962962963,0.1952299243593068,0.19615653590245063,0.014444444444444482,0.01925925925925931,0.7809196974372272,-0.09807826795122532,0.011119338517726174,-0.0018532230862876864
-0.3333333333333333,-0.00814814814814815,0.3414814814814815,0.1948022574932404,0.1955863134143621,0.012222222222222134,0.016296296296296253,0.7792090299729616,-0.09779315670718106,0.009408671053460549,-0.0015681118422434248
-0.3333333333333333,-0.006666666666666668,0.34,0.19437459062717402,0.19501609092627362,0.010000000000000009,0.01333333333333342,0.7774983625086961,-0.09750804546313681,0.007698003589195035,-0.0012830005981991771
-0.3333333333333333,-0.005185185185185187,0.33851851851851855,0.19394692376110764,0.19444586843818507,0.007777777777777883,0.010370370370370363,0.7757876950444306,-0.09722293421909253,0.005987336124929521,-0.0009978893541549017
-0.3333333333333333,-0.0037037037037037056,0.3370370370370371,0.19351925689504124,0.19387564595009654,0.005555555555555536,0.007407407407407307,0.774077027580165,-0.09693782297504827,0.004276668660663896,-0.0007127781101106401
-0.3333333333333333,-0.0022222222222222227,0.3355555555555556,0.19309159002897486,0.19330542346200805,0.0033333333333334103,0.004444444444444473,0.7723663601158994,-0.09665271173100402,0.002566001196398382,-0.00042766686606639237
-0.3333333333333333,-0.0007407407407407432,0.33407407407407413,0.19266392316290845,0.1927352009739195,0.0011111111111110628,0.001481481481481417,0.7706556926516338,-0.09636760048695975,0.000855333732132757,-0.0001425556220221169
-0.3333333333333333,0.0007407407407407397,0.3325925925925926,0.19223625629684207,0.192164978485831,-0.0011111111111110628,-0.001481481481481528,0.7689450251873683,-0.0960824892429155,-0.000855333732132757,0.0001425556220221308
-0.3333333333333333,0.002222222222222219,0.33111111111111113,0.1918085894307757,0.19159475599774248,-0.0033333333333332993,-0.004444444444444473,0.7672343577231028,-0.09579737799887124,-0.002566001196398271,0.00042766686606639237
-0.3333333333333333,0.003703703703703702,0.32962962962962966,0.1913809225647093,0.19102453350965395,-0.005555555555555536,-0.007407407407407418,0.7655236902588372,-0.09551226675482698,-0.004276668660663896,0.000712778110110654
-0.3333333333333333,0.005185185185185185,0.3281481481481482,0.1909532556986429,0.19045431102156546,-0.007777777777777772,-0.010370370370370252,0.7638130227945716,-0.09522715551078273,-0.00598733612492941,0.0009978893541549017
-0.3333333333333333,0.0066666666666666645,0.3266666666666667,0.1905255888325765,0.18988408853347694,-0.010000000000000009,-0.013333333333333308,0.762102355330306,-0.09494204426673847,-0.007698003589195035,0.0012830005981991632
-0.3333333333333333,0.008148148148148147,0.32518518518518524,0.19009792196651012,0.1893138660453884,-0.012222222222222245,-0.016296296296296253,0.7603916878660405,-0.0946569330226942,-0.009408671053460549,0.0015681118422434248
-0.3333333333333333,0.009629629629629627,0.3237037037037037,0.18967025510044372,0.1887436435572999,-0.014444444444444482,-0.019259259259259198,0.7586810204017749,-0.09437182177864994,-0.011119338517726174,0.0018532230862876864
-0.3333333333333333,0.01111111111111111,0.32222222222222224,0.18924258823437734,0.18817342106921137,-0.01666666666666672,-0.022222222222222254,0.7569703529375094,-0.09408671053460568,-0.012830005981991688,0.002138334330331948
-0.3333333333333333,0.01259259259259259,0.32074074074074077,0.18881492136831096,0.18760319858112284,-0.018888888888888844,-0.0251851851851852,0.7552596854732438,-0.09380159929056142,-0.014540673446257202,0.0024234455743762096
-0.3333333333333333,0.014074074074074069,0.3192592592592593,0.18838725450224456,0.18703297609303432,-0.02111111111111119,-0.028148148148148144,0.7535490180089782,-0.09351648804651716,-0.016251340910522827,0.002708556818420471
-0.3333333333333333,0.015555555555555555,0.3177777777777778,0.18795958763617818,0.18646275360494582,-0.023333333333333317,-0.03111111111111098,0.7518383505447127,-0.09323137680247291,-0.01796200837478834,0.002993668062464719
-0.3333333333333333,0.017037037037037035,0.31629629629629635,0.18753192077011177,0.1858925311168573,-0.025555555555555665,-0.034074074074074034,0.7501276830804471,-0.09294626555842865,-0.019672675839053966,0.0032787793065089804
-0.3333333333333333,0.018518518518518514,0.3148148148148149,0.1871042539040454,0.18532230862876878,-0.02777777777777779,-0.03703703703703698,0.7484170156161816,-0.09266115431438439,-0.02138334330331948,0.003563890550553242
-0.3333333333333333,0.02,0.31333333333333335,0.18667658703797899,0.18475208614068026,-0.030000000000000138,-0.040000000000000036,0.7467063481519159,-0.09237604307034013,-0.023094010767585105,0.0038490017945975036
