w,Q,r_ph,Omega,lambda,deltaOmega,deltaLambda,omega_re,omega_im,delta_omega_re,delta_omega_im
0.0,0.0,3.000000001112835,0.19245008972987526,0.19245014302000735,0.0,0.0,0.769800358919501,-0.09622507151000367,0.0,0.0
0.0,0.004347826086956522,2.987228957031047,0.1931180140884624,0.19290982961787084,0.0006679243585871464,0.00045968659786349564,0.7724720563538496,-0.09645491480893542,0.0026716974343485855,-0.00022984329893174782
0.0,0.008695652173913044,2.974402568612734,0.19379422915741817,0.19337534128892347,0.001344139427542912,0.0009251982689161276,0.7751769166296727,-0.09668767064446174,0.005376557710171648,-0.0004625991344580638
0.0,0.013043478260869566,2.961520318339805,0.19447890173566482,0.19384679680802877,0.0020288120057895542,0.0013966537880214236,0.7779156069426593,-0.09692339840401439,0.008115248023158217,-0.0006983268940107118
0.0,0.017391304347826087,2.9485816811794705,0.1951722032409991,0.19432431841706202,0.002722113511123836,0.0018741753970546726,0.7806888129639964,-0.09716215920853101,0.010888454044495344,-0.0009370876985273363
0.0,0.021739130434782608,2.93558612442583,0.1958743098729313,0.19480803184282805,0.003424220143056045,0.002357888822820703,0.7834972394917252,-0.09740401592141402,0.01369688057222418,-0.0011789444114103514
0.0,0.026086956521739132,2.922533107560859,0.1965854027825031,0.1952980663607319,0.004135313052627848,0.002847923340724562,0.7863416111300124,-0.09764903318036595,0.016541252210511392,-0.001423961670362281
0.0,0.030434782608695653,2.9094220820858916,0.19730566824943793,0.1957945547840191,0.00485557851956267,0.003344411764011762,0.7892226729977517,-0.09789727739200955,0.01942231407825068,-0.001672205882005881
0.0,0.034782608695652174,2.8962524913716523,0.19803529786699595,0.19629763391983354,0.005585208137120684,0.0038474908998261947,0.7921411914679838,-0.09814881695991677,0.022340832548482736,-0.0019237454499130974
0.0,0.0391304347826087,2.883023770480477,0.1987744887349298,0.19680744435216144,0.0063243990050545484,0.00435730133215409,0.7950979549397192,-0.09840372217608072,0.025297596020218194,-0.002178650666077045
0.0,0.043478260869565216,2.869735346010445,0.19952344366095887,0.1973241311090494,0.0070733539310836036,0.004873988089042047,0.7980937746438355,-0.0986620655545247,0.028293415724334414,-0.0024369940445210236
0.0,0.04782608695652174,2.856386635916748,0.20028237137120586,0.19784784312385978,0.007832281641330596,0.005397700103852432,0.8011294854848234,-0.09892392156192989,0.031329126565322385,-0.002698850051926216
0.0,0.052173913043478265,2.84297704933507,0.2010514867300658,0.1983787339434578,0.008601397000190525,0.005928590923450466,0.8042059469202631,-0.0991893669717289,0.0344055880007621,-0.002964295461725233
0.0,0.05652173913043478,2.8295059864021495,0.20183101097000608,0.19891696175367984,0.009380921240130818,0.006466818733672497,0.8073240438800243,-0.09945848087683992,0.037523684960523274,-0.0032334093668362485
0.0,0.06086956521739131,2.8159728380618008,0.20262117193182622,0.19946268944399284,0.010171082201950954,0.007012546423985494,0.8104846877273049,-0.09973134472199642,0.040684328807803816,-0.003506273211992747
0.0,0.06521739130434782,2.8023769858784267,0.2034222043159388,0.20001608462059953,0.010972114586063536,0.00756594160059218,0.8136888172637552,-0.10000804231029976,0.043888458344254144,-0.00378297080029609
0.0,0.06956521739130435,2.788717801844574,0.20423434994526846,0.20057732031949146,0.011784260215393194,0.008127177299484117,0.8169373997810738,-0.10028866015974573,0.047137040861572777,-0.004063588649742059
0.0,0.07391304347826087,2.7749946481669467,0.2050578580404012,0.20114657491069848,0.01260776831052593,0.008696431890691136,0.8202314321616048,-0.10057328745534924,0.05043107324210372,-0.004348215945345568
0.0,0.0782608695652174,2.761206877067685,0.2058929855076585,0.2017240321598134,0.013442895777783237,0.009273889139806063,0.823571942030634,-0.1008620160799067,0.05377158311113295,-0.0046369445699030315
0.0,0.08260869565217391,2.7473538305707965,0.20673999724081146,0.20230988181286927,0.0142899075109362,0.009859738792861922,0.8269599889632459,-0.10115494090643463,0.0571596300437448,-0.004929869396430961
0.0,0.08695652173913043,2.7334348402805766,0.20759916643719684,0.20290431913836438,0.015149076707321574,0.010454176118357028,0.8303966657487873,-0.10145215956918219,0.060596306829286295,-0.005227088059178514
0.0,0.09130434782608696,2.7194492271576083,0.20847077492904637,0.20350754627651876,0.016020685199171103,0.011057403256511417,0.8338830997161855,-0.10175377313825938,0.06408274079668441,-0.005528701628255708
0.0,0.09565217391304348,2.705396301290513,0.209355113530892,0.20411977131664233,0.016905023801016744,0.011669628296634982,0.837420454123568,-0.10205988565832116,0.06762009520406698,-0.005834814148317491
0.0,0.1,2.69127536165393,0.21025248240396832,0.20474120948489655,0.01780239267409306,0.0122910664648892,0.8410099296158733,-0.10237060474244827,0.07120957069637224,-0.0061455332324446
0.043478260869565216,0.0,3.000000001112835,0.19245008972987526,0.19245014302000735,0.0,0.0,0.769800358919501,-0.09622507151000367,0.0,0.0
0.043478260869565216,0.004347826086956522,2.9868458475414834,0.19314430525844054,0.19294065766562155,0.0006942155285652729,0.0004905146456141984,0.7725772210337621,-0.09647032883281077,0.0027768621142610916,-0.0002452573228070992
0.043478260869565216,0.008695652173913044,2.9736359449130236,0.19384727463180335,0.19343748258574114,0.0013971849019280835,0.0009873395657337969,0.7753890985272134,-0.09671874129287057,0.005588739607712334,-0.0004936697828668984
0.043478260869565216,0.013043478260869566,2.96036978413509,0.19455917598332173,0.19394074815952228,0.0021090862534464683,0.0014906051395149333,0.7782367039332869,-0.09697037407976114,0.008436345013785873,-0.0007453025697574667
0.043478260869565216,0.017391304347826087,2.947046848898647,0.19528019242549718,0.19445058800749945,0.002830102695621922,0.002000444987492106,0.7811207697019887,-0.09722529400374973,0.011320410782487689,-0.001000222493746053
0.043478260869565216,0.021739130434782608,2.933666615534163,0.196010512226967,0.1949671398823297,0.0035604224970917364,0.002516996862322346,0.784042048907868,-0.09748356994116485,0.014241689988366946,-0.001258498431161173
0.043478260869565216,0.026086956521739132,2.9202285528859315,0.19675032899713926,0.19549054513501563,0.004300239267264,0.0030404021150082783,0.787001315988557,-0.09774527256750781,0.017200957069056,-0.0015202010575041391
0.043478260869565216,0.030434782608695653,2.9067321221437514,0.19749984187886094,0.19602094956633023,0.005049752148985676,0.0035708065463228855,0.7899993675154438,-0.09801047478316512,0.020199008595942702,-0.0017854032731614428
0.043478260869565216,0.034782608695652174,2.893176776708605,0.19825925574952966,0.1965585028989234,0.005809166019654394,0.004108359878916057,0.7930370229981186,-0.0982792514494617,0.023236664078617575,-0.0020541799394580285
0.043478260869565216,0.0391304347826087,2.8795619620316026,0.19902878143108596,0.19710335935649226,0.006578691701210698,0.004653216336484911,0.7961151257243438,-0.09855167967824613,0.026314766804842793,-0.0023266081682424555
0.043478260869565216,0.043478260869565216,2.8658871154643095,0.19980863590934816,0.19765567779744575,0.007358546179472902,0.005205534777438403,0.7992345436373927,-0.09882783889872288,0.02943418471789161,-0.0026027673887192015
0.043478260869565216,0.04782608695652174,2.852151666086824,0.20059904256317954,0.1982156216292006,0.008148952833304274,0.005765478609193242,0.8023961702527181,-0.0991078108146003,0.032595811333217095,-0.002882739304596621
0.043478260869565216,0.052173913043478265,2.8383550345545165,0.20140023140400712,0.19878335919038045,0.008950141674131856,0.006333216170373107,0.8056009256160285,-0.09939167959519023,0.035800566696527425,-0.0031666080851865536
0.043478260869565216,0.05652173913043478,2.8244966329194714,0.20221243932624425,0.1993590640362425,0.009762349596368985,0.006908921016235164,0.808849757304977,-0.09967953201812126,0.03904939838547594,-0.003454460508117582
0.043478260869565216,0.06086956521739131,2.8105758644555876,0.2030359103692003,0.1999429147757226,0.010585820639325033,0.0074927717557152496,0.8121436414768012,-0.0999714573878613,0.04234328255730013,-0.0037463858778576248
0.043478260869565216,0.06521739130434782,2.7965921234932773,0.20387089599110075,0.20053509572170836,0.011420806261225491,0.00808495270170101,0.815483583964403,-0.10026754786085418,0.045683225044901965,-0.004042476350850505
0.043478260869565216,0.06956521739130435,2.782544795221066,0.2047176553558757,0.20113579670743167,0.012267565626000426,0.008685653687424327,0.8188706214235028,-0.10056789835371584,0.049070262504001705,-0.004342826843712164
0.043478260869565216,0.07391304347826087,2.7684332555037434,0.2055764556334193,0.20174521345774907,0.013126365903544046,0.00929507043774172,0.8223058225336772,-0.10087260672887453,0.052505463614176184,-0.00464753521887086
0.043478260869565216,0.0782608695652174,2.7542568706966746,0.2064475723140667,0.20236354797515235,0.01399748258419145,0.009913404955145005,0.8257902892562669,-0.10118177398757618,0.0559899303367658,-0.004956702477572503
0.043478260869565216,0.08260869565217391,2.740014997437599,0.20733128953808014,0.20299100867118428,0.014881199808204876,0.010540865651176928,0.8293251581523206,-0.10149550433559214,0.0595247992328195,-0.005270432825588464
0.043478260869565216,0.08695652173913043,2.7257069824476168,0.20822790044099054,0.20362781043060788,0.01577781071111528,0.011177667410600528,0.8329116017639622,-0.10181390521530394,0.06311124284446112,-0.005588833705300264
0.043478260869565216,0.09130434782608696,2.7113321623328592,0.20913770751569394,0.20427417509461282,0.016687617785818676,0.011824032074605473,0.8365508300627758,-0.10213708754730641,0.0667504711432747,-0.005912016037302736
0.043478260869565216,0.09565217391304348,2.6968898633508815,0.2100610229922601,0.20493033196372296,0.01761093326238483,0.012480188943715609,0.8402440919690404,-0.10246516598186148,0.07044373304953933,-0.006240094471857804
0.043478260869565216,0.1,2.6823794012060818,0.21099816923647613,0.20559651721900063,0.018548079506600867,0.013146374198993283,0.8439926769459045,-0.10279825860950031,0.07419231802640347,-0.006573187099496641
0.08695652173913043,0.0,3.000000001112835,0.19245008972987526,0.19245014302000735,0.0,0.0,0.769800358919501,-0.09622507151000367,0.0,0.0
0.08695652173913043,0.004347826086956522,2.986470004984848,0.19317041215577813,0.1929715406052585,0.000720322425902864,0.0005213975852511599,0.7726816486231125,-0.09648577030262925,0.002881289703611456,-0.00026069879262557993
0.08695652173913043,0.008695652173913044,2.972884025300415,0.19389995231857754,0.19349974079613536,0.0014498625887022776,0.0010495977761280084,0.7755998092743102,-0.09674987039806768,0.00579945035480911,-0.0005247988880640042
0.08695652173913043,0.013043478260869566,2.9592415637652305,0.19463889976862855,0.19403488546468398,0.0021888100387532916,0.001584742444676629,0.7785555990745142,-0.09701744273234199,0.008755240155013166,-0.0007923712223383145
0.08695652173913043,0.017391304347826087,2.945542115201989,0.19538744940008565,0.194577120088809,0.0029373596702103877,0.002126977068801661,0.7815497976003426,-0.0972885600444045,0.01174943868084155,-0.0010634885344008305
0.08695652173913043,0.021739130434782608,2.9317851674383273,0.19614580164228784,0.1951265947591921,0.0036957119124125803,0.0026764517391847653,0.7845832065691514,-0.09756329737959606,0.014782847649650321,-0.0013382258695923827
0.08695652173913043,0.026086956521739132,2.917970201150829,0.1969141626594653,0.19568346316327442,0.0044640729295900294,0.0032333201432670766,0.7876566506378612,-0.09784173158163721,0.017856291718360118,-0.0016166600716335383
0.08695652173913043,0.030434782608695653,2.9040966897512757,0.19769274455919475,0.19624788401543666,0.0052426548293194875,0.003797740995429316,0.790770978236779,-0.09812394200771833,0.02097061931727795,-0.001898870497714658
0.08695652173913043,0.034782608695652174,2.890164099234931,0.19848176561005432,0.19682002075499846,0.006031675880179055,0.004369877734991118,0.7939270624402173,-0.09841001037749923,0.02412670352071622,-0.002184938867495559
0.08695652173913043,0.0391304347826087,2.8761718880471308,0.1992814504689561,0.19740004125657756,0.006831360739080833,0.004949898236570216,0.7971258018758244,-0.09870002062828878,0.02732544295632333,-0.002474949118285108
0.08695652173913043,0.043478260869565216,2.8621195069238916,0.2000920304186644,0.197988118525375,0.0076419406887891506,0.005537975505367665,0.8003681216746577,-0.0989940592626875,0.030567762755156602,-0.0027689877526838325
0.08695652173913043,0.04782608695652174,2.8480063987660116,0.20091374361603603,0.19858443079141094,0.008463653886160771,0.006134287771403596,0.8036549744641441,-0.09929221539570547,0.033854615544643085,-0.003067143885701798
0.08695652173913043,0.052173913043478265,2.8338319984635447,0.20174683535155388,0.19918916164850792,0.00929674562167862,0.00673901862850057,0.8069873414062155,-0.09959458082425396,0.03718698248671448,-0.003369509314250285
0.08695652173913043,0.05652173913043478,2.8195957327547103,0.20259155832075873,0.19980250031849964,0.010141468590883468,0.00735235729849229,0.8103662332830349,-0.09990125015924982,0.04056587436353387,-0.003676178649246145
0.08695652173913043,0.06086956521739131,2.805297020052452,0.20344817290822206,0.2004246417418256,0.010998083178346801,0.00797449872181824,0.8137926916328883,-0.1002123208709128,0.043992332713387206,-0.00398724936090912
0.08695652173913043,0.06521739130434782,2.7909352702995784,0.20431694748474255,0.2010557867311514,0.011866857754867288,0.008605643711144056,0.8172677899389702,-0.1005278933655757,0.04746743101946915,-0.004302821855572028
0.08695652173913043,0.06956521739130435,2.7765098847804093,0.20519815871849226,0.20169614277926406,0.012748068988616995,0.009245999759256718,0.820792634873969,-0.10084807138963203,0.05099227595446798,-0.004622999879628359
0.08695652173913043,0.07391304347826087,2.7620202559579887,0.20609209190088346,0.2023459233936365,0.013642002171008194,0.009895780373629148,0.8243683676035338,-0.10117296169681825,0.054568008684032776,-0.004947890186814574
0.08695652173913043,0.0782608695652174,2.7474657672998237,0.20699904128797778,0.2030053492312113,0.014548951558102513,0.010555206211203955,0.8279961651519111,-0.10150267461560565,0.05819580623241005,-0.005277603105601977
0.08695652173913043,0.08260869565217391,2.732845793088546,0.20791931045831,0.2036746476197191,0.015469220728434735,0.011224504599711749,0.83167724183324,-0.10183732380985955,0.06187688291373894,-0.005612252299855874
0.08695652173913043,0.08695652173913043,2.718159698242625,0.20885321268805795,0.20435405364117062,0.016403122958182692,0.011903910621163277,0.8354128507522318,-0.10217702682058531,0.06561249183273077,-0.005951955310581639
0.08695652173913043,0.09130434782608696,2.7034068381228953,0.2098010713445489,0.20504380967900518,0.017350981614673633,0.012593666658997832,0.8392042853781956,-0.10252190483950259,0.06940392645869453,-0.006296833329498916
0.08695652173913043,0.09565217391304348,2.688586558334771,0.2107632202991583,0.20574416596944725,0.018313130569283048,0.013294022949439904,0.8430528811966332,-0.10287208298472363,0.07325252227713219,-0.006647011474719952
0.08695652173913043,0.1,2.6736981945362595,0.2117400043607289,0.20645538131711771,0.01928991463085364,0.014005238297110367,0.8469600174429156,-0.10322769065855886,0.07715965852341455,-0.007002619148555184
0.13043478260869565,0.0,3.000000001112835,0.19245008972987526,0.19245014302000735,0.0,0.0,0.769800358919501,-0.09622507151000367,0.0,0.0
0.13043478260869565,0.004347826086956522,2.9861051759123867,0.19319612347756102,0.19300231085013134,0.0007460337476857537,0.0005521678301239896,0.7727844939102441,-0.09650115542506567,0.002984134990743015,-0.0002760839150619948
0.13043478260869565,0.008695652173913044,2.972154333953962,0.193951833494136,0.1935617760833884,0.0015017437642607379,0.0011116330633810512,0.775807333976544,-0.0967808880416942,0.006006975057042951,-0.0005558165316905256
0.13043478260869565,0.013043478260869566,2.9581469904108717,0.19471742062870964,0.1941286915547789,0.00226733089883438,0.0016785485347715623,0.7788696825148386,-0.09706434577738945,0.00906932359533752,-0.0008392742673857811
0.13043478260869565,0.017391304347826087,2.944082653951211,0.19549309143539595,0.19470321510253005,0.003043001705520687,0.0022530720825227057,0.7819723657415838,-0.09735160755126503,0.012172006822082748,-0.0011265360412613529
0.13043478260869565,0.021739130434782608,2.9299608266334243,0.1962790583789709,0.19528550860966776,0.0038289686490956265,0.00283536558966041,0.7851162335158836,-0.09764275430483388,0.015315874596382506,-0.001417682794830205
0.13043478260869565,0.026086956521739132,2.9157810037684184,0.19707554004952627,0.19587573891114438,0.004625450319651003,0.0034255958911370288,0.7883021601981051,-0.09793786945557219,0.018501801278604013,-0.0017127979455685144
0.13043478260869565,0.030434782608695653,2.9015426738139007,0.19788276138658284,0.19647407763055535,0.005432671656707577,0.004023934610548008,0.7915310455463314,-0.09823703881527768,0.02173068662683031,-0.002011967305274004
0.13043478260869565,0.034782608695652174,2.8872453182269027,0.19870095391315343,0.19708070166679736,0.006250864183278165,0.004630558646790017,0.7948038156526137,-0.09854035083339868,0.02500345673311266,-0.0023152793233950086
0.13043478260869565,0.0391304347826087,2.8728884113529323,0.19953035598027666,0.1976957928237706,0.007080266250401396,0.0052456498037632415,0.7981214239211066,-0.0988478964118853,0.028321065001605583,-0.0026228249018816208
0.13043478260869565,0.043478260869565216,2.858471420282229,0.20037121302257288,0.19831953850320128,0.007921123292697618,0.005869395483193929,0.8014848520902915,-0.09915976925160064,0.03168449317079047,-0.0029346977415969644
0.13043478260869565,0.04782608695652174,2.843993804717876,0.2012237778254075,0.19895213171011336,0.00877368809553225,0.006501988690106014,0.80489511130163,-0.09947606585505668,0.035094752382129,-0.003250994345053007
0.13043478260869565,0.052173913043478265,2.8294550168312385,0.2020883108042824,0.19959377160227698,0.00963822107440715,0.007143628582269634,0.8083532432171296,-0.09979688580113849,0.0385528842976286,-0.003571814291134817
0.13043478260869565,0.05652173913043478,2.8148545011333694,0.2029650802971146,0.20024466284621706,0.01051499056723934,0.0077945198262097115,0.8118603211884584,-0.10012233142310853,0.04205996226895736,-0.0038972599131048558
0.13043478260869565,0.06086956521739131,2.800191694303885,0.20385436287010308,0.20090501705577427,0.011404273140227822,0.008454874035766918,0.8154174514804123,-0.10045250852788713,0.04561709256091129,-0.004227437017883459
0.13043478260869565,0.06521739130434782,2.785466025074352,0.20475644363792714,0.20157505186447297,0.012306353908051876,0.009124908844465623,0.8190257745517086,-0.10078752593223649,0.0492254156322075,-0.004562454422232812
0.13043478260869565,0.06956521739130435,2.7706769140466085,0.20567161659906763,0.2022549921794256,0.013221526869192368,0.00980484915941826,0.8226864663962705,-0.1011274960897128,0.05288610747676947,-0.00490242457970913
0.13043478260869565,0.07391304347826087,2.755823773547932,0.2066001849870924,0.20294506970124354,0.014150095257217138,0.010494926681236194,0.8264007399483696,-0.10147253485062177,0.05660038102886855,-0.005247463340618097
0.13043478260869565,0.0782608695652174,2.740906007472775,0.2075424616388017,0.20364552374835246,0.015092371908926427,0.011195380728345111,0.8301698465552068,-0.10182276187417623,0.06036948763570571,-0.005597690364172556
0.13043478260869565,0.08260869565217391,2.7259230111141473,0.208498769380186,0.20435660096091032,0.016048679650310732,0.011906457940902976,0.833995077520744,-0.10217830048045516,0.06419471860124293,-0.005953228970451488
0.13043478260869565,0.08695652173913043,2.71087417099044,0.20946944143121318,0.20507855660133234,0.01701935170133792,0.012628413581324993,0.8378777657248527,-0.10253927830066617,0.06807740680535168,-0.006314206790662497
0.13043478260869565,0.09130434782608696,2.6957588646909363,0.21045482183052544,0.2058116537066383,0.018004732100650178,0.01336151068663094,0.8418192873221018,-0.10290582685331914,0.07201892840260071,-0.00668075534331547
0.13043478260869565,0.09565217391304348,2.680576460669416,0.21145526588120178,0.20655616395637652,0.01900517615132652,0.014106020936369174,0.8458210635248071,-0.10327808197818826,0.07602070460530608,-0.007053010468184587
0.13043478260869565,0.1,2.665326318090832,0.21247114061881592,0.20731236848973084,0.020021050888940656,0.014862225469723489,0.8498845624752637,-0.10365618424486542,0.08008420355576262,-0.0074311127348617445
0.17391304347826086,0.0,3.000000001112835,0.19245008972987526,0.19245014302000735,0.0,0.0,0.769800358919501,-0.09622507151000367,0.0,0.0
0.17391304347826086,0.004347826086956522,2.9857549342701946,0.19322123111155284,0.19303279207251955,0.0007711413816775814,0.0005826490525122074,0.7728849244462114,-0.09651639603625978,0.0030845655267103256,-0.0002913245262561037
0.17391304347826086,0.008695652173913044,2.971454044867607,0.19400249564527253,0.19362322949783398,0.0015524059153972647,0.0011730864778266292,0.7760099825810901,-0.09681161474891699,0.006209623661589059,-0.0005865432389133146
0.17391304347826086,0.013043478260869566,2.9570968643841917,0.19479409514826443,0.1942216199533993,0.0023440054183891668,0.0017714769333919411,0.7791763805930577,-0.09711080997669964,0.009376021673556667,-0.0008857384666959706
0.17391304347826086,0.017391304347826087,2.942682918223869,0.19559624749203894,0.1948281329754096,0.003146157762163676,0.0023779899554022543,0.7823849899681558,-0.0974140664877048,0.012584631048654704,-0.0011889949777011272
0.17391304347826086,0.021739130434782608,2.9282117255968623,0.1964091768218006,0.19544294265956363,0.0039590870919253285,0.0029927996395562873,0.7856367072872024,-0.09772147132978182,0.015836348367701314,-0.0014963998197781436
0.17391304347826086,0.026086956521739132,2.9136827994146945,0.19723311378550556,0.19606622839500168,0.004783024055630303,0.0036160853749943322,0.7889324551420223,-0.09803311419750084,0.01913209622252121,-0.0018080426874971661
0.17391304347826086,0.030434782608695653,2.8990956461755295,0.1980682957730621,0.1966981748258841,0.00561820604318683,0.00424803180587674,0.7922731830922484,-0.09834908741294204,0.02247282417274732,-0.00212401590293837
0.17391304347826086,0.034782608695652174,2.8844497658558383,0.1989149671662025,0.19733897222918914,0.006464877436327232,0.004888829209181794,0.79565986866481,-0.09866948611459457,0.02585950974530893,-0.002444414604590897
0.17391304347826086,0.0391304347826087,2.8697446517768466,0.19977337959958702,0.19798881598011012,0.007323289869711758,0.0055386729601027695,0.7990935183983481,-0.09899440799005506,0.02929315947884703,-0.0027693364800513848
0.17391304347826086,0.043478260869565216,2.8549797905116296,0.20064379223373457,0.19864790790119427,0.008193702503859313,0.0061977648811869235,0.8025751689349383,-0.09932395395059714,0.03277481001543725,-0.0030988824405934617
0.17391304347826086,0.04782608695652174,2.840154661733872,0.20152647204041066,0.1993164558481368,0.009076382310535397,0.0068663128281294394,0.8061058881616426,-0.0996582279240684,0.03630552924214159,-0.0034331564140647197
0.17391304347826086,0.052173913043478265,2.825268738117194,0.20242169410114177,0.19999467382173017,0.009971604371266513,0.007544530801722821,0.8096867764045671,-0.09999733691086508,0.03988641748506605,-0.0037722654008614104
0.17391304347826086,0.05652173913043478,2.8103214851855634,0.20332974191956787,0.20068278259904826,0.010879652189692612,0.008232639579040912,0.8133189676782715,-0.10034139129952413,0.04351860875877045,-0.004116319789520456
0.17391304347826086,0.06086956521739131,2.7953123611964257,0.20425090774838786,0.2013810095031428,0.011800818018512599,0.008930866483135458,0.8170036309935514,-0.1006905047515714,0.047203272074050395,-0.004465433241567729
0.17391304347826086,0.06521739130434782,2.7802408170018555,0.20518549293170088,0.20208958951815204,0.012735403201825618,0.009639446498144688,0.8207419717268035,-0.10104479475907602,0.05094161280730247,-0.004819723249072344
0.17391304347826086,0.06956521739130435,2.765106295916203,0.2061338082635976,0.20280876454287405,0.013683718533722328,0.010358621522866707,0.8245352330543904,-0.10140438227143703,0.05473487413488931,-0.005179310761433353
0.17391304347826086,0.07391304347826087,2.749908233553477,0.20709617436390926,0.20353878411386472,0.014646084634033996,0.011088641093857377,0.828384697455637,-0.10176939205693236,0.05858433853613598,-0.005544320546928688
0.17391304347826086,0.0782608695652174,2.7346460577222285,0.2080729220720827,0.20427990628665912,0.015622832342207432,0.011829763266651777,0.8322916882883308,-0.10213995314332956,0.06249132936882973,-0.0059148816333258886
0.17391304347826086,0.08260869565217391,2.7193191882371317,0.20906439286020914,0.20503239690880481,0.01661430313033388,0.012582253888797468,0.8362575714408366,-0.10251619845440241,0.06645721252133552,-0.006291126944398734
0.17391304347826086,0.08695652173913043,2.703927036799086,0.21007093926630604,0.20579653071460421,0.017620849536430783,0.013346387694596867,0.8402837570652242,-0.10289826535730211,0.07048339814572313,-0.006673193847298434
0.17391304347826086,0.09130434782608696,2.688469006826185,0.21109292534902033,0.2065725916951119,0.018642835619145065,0.014122448675104565,0.8443717013960813,-0.10328629584755596,0.07457134247658026,-0.007061224337552283
0.17391304347826086,0.09565217391304348,2.672944493289669,0.21213072716500125,0.20736087267860656,0.01968063743512599,0.014910729658599214,0.848522908660005,-0.10368043633930328,0.07872254974050397,-0.007455364829299607
0.17391304347826086,0.1,2.657352882575017,0.21318473327027404,0.20816167678432754,0.02073464354039878,0.01571153376432019,0.8527389330810962,-0.10408083839216377,0.08293857416159511,-0.007855766882160095
0.21739130434782608,0.0,3.000000001112835,0.19245008972987526,0.19245014302000735,0.0,0.0,0.769800358919501,-0.09622507151000367,0.0,0.0
0.21739130434782608,0.004347826086956522,2.9854226104480124,0.19324553468567912,0.19306280295724884,0.000795444955803859,0.0006126599372414943,0.7729821387427165,-0.09653140147862442,0.003181779823215436,-0.00030632996862074713
0.21739130434782608,0.008695652173913044,2.9707898391658207,0.1940515317531358,0.19368373376094908,0.0016014420232605409,0.0012335907409417313,0.7762061270125432,-0.09684186688047454,0.0064057680930421634,-0.0006167953704708656
0.21739130434782608,0.013043478260869566,2.956101237957394,0.19486830317056206,0.19431311125697642,0.002418213440686795,0.0018629682369690759,0.7794732126822482,-0.09715655562848821,0.00967285376274718,-0.0009314841184845379
0.21739130434782608,0.017391304347826087,2.9413563518978143,0.1956960775591342,0.19495111629756295,0.003245987829258945,0.002500973277555607,0.7827843102365368,-0.09747555814878148,0.01298395131703578,-0.0012504866387778035
0.21739130434782608,0.021739130434782608,2.926554720319867,0.19653509015512566,0.19559793501337697,0.004085000425250396,0.0031477919933696197,0.7861403606205026,-0.09779896750668848,0.016340001701001583,-0.0015738959966848098
0.21739130434782608,0.026086956521739132,2.9116958767405445,0.19738558305238743,0.19625375908493506,0.004935493322512169,0.0038036160649277118,0.7895423322095497,-0.09812687954246753,0.019741973290048676,-0.0019018080324638559
0.21739130434782608,0.030434782608695653,2.896779348752235,0.19824780545560303,0.19691878571893454,0.0057977157257277645,0.004468642698927189,0.7929912218224121,-0.09845939285946727,0.023190862902911058,-0.0022343213494635944
0.21739130434782608,0.034782608695652174,2.8818046579170282,0.19912201394488147,0.19759321797783824,0.006671924215006203,0.005143074957830895,0.7964880557795259,-0.09879660898891912,0.026687696860024812,-0.0025715374789154477
0.21739130434782608,0.0391304347826087,2.866771319669454,0.20000847275228578,0.1982772649855951,0.00755838302241052,0.005827121965587739,0.8000338910091431,-0.09913863249279754,0.03023353208964208,-0.0029135609827938697
0.21739130434782608,0.043478260869565216,2.851678843210664,0.20090745405093083,0.1989711424835464,0.008457364321055566,0.00652099946353904,0.8036298162037233,-0.0994855712417732,0.033829457284222264,-0.00326049973176952
0.21739130434782608,0.04782608695652174,2.8365267313854896,0.2018192382573229,0.19967507245588476,0.009369148527447635,0.0072249294358774085,0.8072769530292916,-0.09983753622794238,0.03747659410979054,-0.0036124647179387043
0.21739130434782608,0.052173913043478265,2.8213144805905817,0.20274411434765466,0.20038928362262237,0.010294024617779396,0.007939140602615025,0.8109764573906186,-0.10019464181131119,0.041176098471117584,-0.003969570301307512
0.21739130434782608,0.05652173913043478,2.806041580646605,0.20368238018881482,0.201114012222458,0.011232290458939559,0.008663869202450658,0.8147295207552593,-0.100557006111229,0.044929161835758236,-0.004331934601225329
0.21739130434782608,0.06086956521739131,2.7907075146898377,0.2046343428849171,0.2018495013495216,0.012184253155041846,0.009399358329514246,0.8185373715396684,-0.1009247506747608,0.048737012620167386,-0.004699679164757123
0.21739130434782608,0.06521739130434782,2.775311759047953,0.20560031914020593,0.20259600205339426,0.013150229410330672,0.010145859033386911,0.8224012765608237,-0.10129800102669713,0.052600917641322686,-0.005072929516693456
0.21739130434782608,0.06956521739130435,2.7598537831256222,0.20658063563925033,0.20335377319845643,0.01413054590937507,0.010903630178449086,0.8263225425570013,-0.10167688659922822,0.05652218363750028,-0.005451815089224543
0.21739130434782608,0.07391304347826087,2.7443330492661873,0.2075756294453946,0.20412308181347227,0.015125539715519332,0.011672938793464926,0.8303025177815784,-0.10206154090673614,0.060502158862077327,-0.005836469396732463
0.21739130434782608,0.0782608695652174,2.7287490126384513,0.2085856484184995,0.2049042039168152,0.016135558688624235,0.01245406089680784,0.834342593673998,-0.1024521019584076,0.06454223475449694,-0.00622703044840392
0.21739130434782608,0.08260869565217391,2.713101121109229,0.20961105165307217,0.20569742392638735,0.01716096192319691,0.013247280906379999,0.8384442066122887,-0.10284871196319367,0.06864384769278764,-0.0066236404531899995
0.21739130434782608,0.08695652173913043,2.6973888150870065,0.2106522099379582,0.20650303602503634,0.018202120208082928,0.014052893005028988,0.8426088397518328,-0.10325151801251817,0.07280848083233171,-0.007026446502514494
0.21739130434782608,0.09130434782608696,2.681611527415365,0.21170950623884377,0.2073213436738251,0.019259416508968508,0.014871200653817751,0.8468380249553751,-0.10366067183691255,0.07703766603587403,-0.0074356003269088755
0.21739130434782608,0.09565217391304348,2.6657686832146723,0.21278333620490283,0.2081526608122458,0.020333246475027572,0.01570251779223844,0.8511333448196113,-0.1040763304061229,0.08133298590011029,-0.00785125889611922
0.21739130434782608,0.1,2.6498596997443187,0.2138741087010104,0.20899731193164936,0.021424018971135134,0.016547168911642013,0.8554964348040416,-0.10449865596582468,0.08569607588454053,-0.008273584455821006
0.2608695652173913,0.0,3.000000001112835,0.19245008972987526,0.19245014302000735,0.0,0.0,0.769800358919501,-0.09622507151000367,0.0,0.0
0.2608695652173913,0.004347826086956522,2.985111226181167,0.19326884591269142,0.19309216402820487,0.0008187561828161549,0.0006420210081975186,0.7730753836507657,-0.09654608201410243,0.0032750247312646197,-0.0003210105040987593
0.2608695652173913,0.008695652173913044,2.9701677743496524,0.194098559176357,0.19374292376232918,0.0016484694464817262,0.0012927807423218363,0.776394236705428,-0.09687146188116459,0.006593877785926905,-0.0006463903711609181
0.2608695652173913,0.013043478260869566,2.955169218363161,0.19493946142125915,0.1944026086705212,0.002489371691383885,0.0019524656505138516,0.7797578456850366,-0.0972013043352606,0.00995748676553554,-0.0009762328252569258
0.2608695652173913,0.017391304347826087,2.9401151258139233,0.19579179122987658,0.19507141099871136,0.0033417015000013206,0.002621267978704017,0.7831671649195063,-0.09753570549935568,0.013366806000005282,-0.0013106339893520086
0.2608695652173913,0.021739130434782608,2.9250050590579573,0.1966557941104962,0.1957495278639653,0.004205704380620928,0.0032993848439579476,0.7866231764419848,-0.09787476393198265,0.016822817522483713,-0.0016496924219789738
0.2608695652173913,0.026086956521739132,2.909838575138421,0.19753172275170125,0.19643716271111245,0.0050816330218259875,0.003987019691105098,0.790126891006805,-0.09821858135555622,0.02032653208730395,-0.001993509845552549
0.2608695652173913,0.030434782608695653,2.8946152256906603,0.1984198372881895,0.1971345248859995,0.005969747558314226,0.004684381865992154,0.793679349152758,-0.09856726244299975,0.023878990233256903,-0.002342190932996077
0.2608695652173913,0.034782608695652174,2.8793345568541793,0.19932040557851557,0.19784182992285254,0.006870315848640313,0.005391686902845194,0.7972816223140623,-0.09892091496142627,0.02748126339456125,-0.002695843451422597
0.2608695652173913,0.0391304347826087,2.8639961091773207,0.2002337034953874,0.19855929968371447,0.0077836137655121485,0.0061091566637071215,0.8009348139815496,-0.09927964984185723,0.031134455062048594,-0.0030545783318535608
0.2608695652173913,0.043478260869565216,2.848599417537606,0.2011600152291835,0.19928716315361142,0.008709925499308241,0.0068370201336040715,0.804640060916734,-0.09964358157680571,0.034839701997232964,-0.0034185100668020357
0.2608695652173913,0.04782608695652174,2.833144011030016,0.20209963360540045,0.20002565591781815,0.00964954387552519,0.007575512897810804,0.8083985344216018,-0.10001282795890908,0.03859817550210076,-0.003787756448905402
0.2608695652173913,0.052173913043478265,2.8176294128781163,0.20305286041678275,0.20077502099316352,0.010602770686907487,0.008324877973156175,0.812211441667131,-0.10038751049658176,0.04241108274762995,-0.0041624389865780875
0.2608695652173913,0.05652173913043478,2.8020551403345713,0.20402000677093432,0.20153550886390847,0.011569917041059058,0.009085365843901128,0.8160800270837373,-0.10076775443195424,0.04627966816423623,-0.004542682921950564
0.2608695652173913,0.06086956521739131,2.7864207045805287,0.20500139345426077,0.20230737785490624,0.01255130372438551,0.009857234834898893,0.8200055738170431,-0.10115368892745312,0.05020521489754204,-0.004928617417449446
0.2608695652173913,0.06521739130434782,2.770725610618002,0.20599735131314603,0.20309089436507627,0.01354726158327077,0.010640751345068922,0.8239894052525841,-0.10154544718253813,0.05418904633308308,-0.005320375672534461
0.2608695652173913,0.06956521739130435,2.75496935716961,0.20700822165332336,0.2038863335135504,0.014558131923448098,0.011436190493543053,0.8280328866132934,-0.1019431667567752,0.05823252769379239,-0.005718095246771526
0.2608695652173913,0.07391304347826087,2.739151436566446,0.20803435665846337,0.20469397869726036,0.015584266928588109,0.012243835677253012,0.8321374266338535,-0.10234698934863018,0.062337067714352434,-0.006121917838626506
0.2608695652173913,0.0782608695652174,2.7232713346386,0.20907611982906787,0.20551412298077193,0.016626030099192612,0.013063979960764582,0.8363044793162715,-0.10275706149038596,0.06650412039677045,-0.006531989980382291
0.2608695652173913,0.08260869565217391,2.7073285306027293,0.21013388644282854,0.2063470686983719,0.01768379671295328,0.013896925678364563,0.8405355457713142,-0.10317353434918596,0.07073518685181313,-0.006948462839182282
0.2608695652173913,0.08695652173913043,2.6913224969474108,0.21120804403768692,0.2071931280499348,0.01875795430781166,0.014742985029927463,0.8448321761507477,-0.1035965640249674,0.07503181723124663,-0.007371492514963732
0.2608695652173913,0.09130434782608696,2.6752526993128525,0.21229899291891347,0.20805262378228553,0.019848903189038203,0.015602480762278187,0.8491959716756539,-0.10402631189114277,0.07939561275615281,-0.0078012403811390935
0.2608695652173913,0.09565217391304348,2.659118596374098,0.2134071466916122,0.20892588920364633,0.020957056961736942,0.01647574618363898,0.8536285867664488,-0.10446294460182316,0.08382822784694777,-0.00823787309181949
0.2608695652173913,0.1,2.642919639718109,0.21453293282015154,0.20981326879692214,0.022082843090276277,0.01736312577691479,0.8581317312806062,-0.10490663439846107,0.08833137236110511,-0.008681562888457395
0.30434782608695654,0.0,3.000000001112835,0.19245008972987526,0.19245014302000735,0.0,0.0,0.769800358919501,-0.09622507151000367,0.0,0.0
0.30434782608695654,0.004347826086956522,2.9848234364254016,0.19329099265191177,0.19312070118613353,0.0008409029220365072,0.0006705581661261839,0.7731639706076471,-0.09656035059306677,0.0033636116881460287,-0.00033527908306309195
0.30434782608695654,0.008695652173913044,2.9695931676718077,0.1941432279683793,0.19380044608341715,0.0016931382385040328,0.0013503030634098023,0.7765729118735172,-0.09690022304170857,0.006772552954016131,-0.0006751515317049012
0.30434782608695654,0.013043478260869566,2.9543087922860707,0.19500703628391503,0.19448957395197214,0.002556946554039763,0.002039430931964792,0.7800281451356601,-0.09724478697598607,0.010227786216159052,-0.001019715465982396
0.30434782608695654,0.017391304347826087,2.938969903051946,0.1958826651470324,0.1951882871994724,0.0034325754171571354,0.002738144179465052,0.7835306605881296,-0.0975941435997362,0.013730301668628542,-0.001369072089732526
0.30434782608695654,0.021739130434782608,2.9235760880363797,0.19677036930358938,0.19589679397238355,0.004320279573714114,0.0034466509523762012,0.7870814772143575,-0.09794839698619177,0.017281118294856457,-0.0017233254761881006
0.30434782608695654,0.026086956521739132,2.9081269305174113,0.1976704109614633,0.1966153083907001,0.0052203212315880265,0.004165165370692753,0.7906816438458532,-0.09830765419535005,0.020881284926352106,-0.0020825826853463764
0.30434782608695654,0.030434782608695653,2.8926220089073684,0.19858306006701398,0.19734405124547544,0.006132970337138721,0.004893908225468091,0.7943322402680559,-0.09867202562273772,0.024531881348554885,-0.0024469541127340455
0.30434782608695654,0.034782608695652174,2.8770608966716664,0.19950859459395312,0.19808324940838876,0.007058504864077858,0.005633106388381409,0.7980343783758125,-0.09904162470419438,0.028234019456311432,-0.0028165531941907046
0.30434782608695654,0.0391304347826087,2.8614431622612972,0.20044730084527515,0.19883313712996772,0.007997211115399888,0.006382994109960377,0.8017892033811006,-0.09941656856498386,0.03198884446159955,-0.0031914970549801885
0.30434782608695654,0.043478260869565216,2.8457683690164566,0.2013994737689441,0.19959395531902838,0.008949384039068836,0.0071438122990210295,0.8055978950757764,-0.09979697765951419,0.035797536156275345,-0.0035719061495105148
0.30434782608695654,0.04782608695652174,2.830036075101866,0.2023654172880739,0.20036595247417288,0.009915327558198628,0.007915809454165534,0.8094616691522956,-0.10018297623708644,0.03966131023279451,-0.003957904727082767
0.30434782608695654,0.052173913043478265,2.8142458334142844,0.20334544464638524,0.20114938463045834,0.010895354916509975,0.008699241610450992,0.813381778585541,-0.10057469231522917,0.0435814196660399,-0.004349620805225496
0.30434782608695654,0.05652173913043478,2.7983971914948906,0.20433987876977044,0.20194451596269664,0.011889789039895182,0.009494372942689289,0.8173595150790818,-0.10097225798134832,0.04755915615958073,-0.004747186471344644
0.30434782608695654,0.06086956521739131,2.78248969145369,0.20534905264485012,0.20275161867242134,0.01289896291497486,0.010301475652413988,0.8213962105794005,-0.10137580933621067,0.05159585165989944,-0.005150737826206994
0.30434782608695654,0.06521739130434782,2.7665228698677824,0.2063733097154616,0.2035709734513326,0.01392321998558635,0.011120830431325252,0.8254932388618464,-0.1017854867256663,0.0556928799423454,-0.005560415215662626
0.30434782608695654,0.06956521739130435,2.7504962577012826,0.20741300429807893,0.20440287038751837,0.014962914568203672,0.011952727367511018,0.8296520171923157,-0.10220143519375918,0.05985165827281469,-0.005976363683755509
0.30434782608695654,0.07391304347826087,2.7344093802066984,0.20846850201722708,0.20524760841464587,0.01601841228735182,0.012797465394638524,0.8338740080689083,-0.10262380420732294,0.06407364914940727,-0.006398732697319262
0.30434782608695654,0.0782608695652174,2.71826175683883,0.20954018026202478,0.2061054960854499,0.01709009053214952,0.01365535306544255,0.8381607210480991,-0.10305274804272495,0.06836036212859808,-0.006827676532721275
0.30434782608695654,0.08260869565217391,2.7020529011437118,0.2106284286650615,0.2069768523688761,0.01817833893518625,0.014526709348868766,0.842513714660246,-0.10348842618443806,0.072713355740745,-0.007263354674434383
0.30434782608695654,0.08695652173913043,2.685782320681956,0.21173364960489496,0.2078620063486007,0.0192835598750197,0.015411863328593345,0.8469345984195799,-0.10393100317430035,0.0771342395000788,-0.007705931664296672
0.30434782608695654,0.09130434782608696,2.6694495169107864,0.21285625873354064,0.20876129815037509,0.020406169003665375,0.016311155130367738,0.8514250349341626,-0.10438064907518754,0.0816246760146615,-0.008155577565183869
0.30434782608695654,0.09565217391304348,2.6530539850885635,0.21399668553041706,0.20967507926717982,0.0215465958005418,0.017224936247172473,0.8559867421216683,-0.10483753963358991,0.0861863832021672,-0.008612468123586237
0.30434782608695654,0.1,2.636595214171024,0.2151553738843078,0.21060371284877016,0.022705284154432542,0.018153569828762817,0.8606214955372312,-0.10530185642438508,0.09082113661773017,-0.009076784914381408
0.34782608695652173,0.0,3.000000001112835,0.19245008972987526,0.19245014302000735,0.0,0.0,0.769800358919501,-0.09622507151000367,0.0,0.0
0.34782608695652173,0.004347826086956522,2.9845614791008592,0.19331182261418425,0.1931482512612915,0.0008617328843089911,0.0006981082412841622,0.773247290456737,-0.09657412563064575,0.0034469315372359643,-0.0003490541206420811
0.34782608695652173,0.008695652173913044,2.969070495492238,0.19418522847218395,0.1938559687006076,0.001735138742308684,0.0014058256806002423,0.7767409138887358,-0.0969279843503038,0.006940554969234736,-0.0007029128403001211
0.34782608695652173,0.013043478260869566,2.953526674756116,0.19507055547784202,0.19457350082660557,0.0026204657479667604,0.002123357806598225,0.7802822219113681,-0.09728675041330279,0.010481862991867041,-0.0010616789032991125
0.34782608695652173,0.017391304347826087,2.937929637231568,0.19596805896622024,0.1953010594206365,0.003517969236344981,0.00285091640062915,0.783872235864881,-0.09765052971031825,0.014071876945379924,-0.001425458200314575
0.34782608695652173,0.021739130434782608,2.922278999066583,0.19687800169463443,0.19603886237027698,0.004427911964759168,0.003588719350269637,0.7875120067785377,-0.09801943118513849,0.017711647859036672,-0.0017943596751348184
0.34782608695652173,0.026086956521739132,2.906574372167019,0.19780065411534525,0.19678713354822341,0.005350564385469991,0.004336990528216067,0.791202616461381,-0.09839356677411171,0.021402257541879965,-0.0021684952641080335
0.34782608695652173,0.030434782608695653,2.890815364119465,0.19873629466037912,0.19754610425587799,0.006286204930503858,0.0050959612358706385,0.7949451786415165,-0.09877305212793899,0.025144819722015432,-0.0025479806179353193
0.34782608695652173,0.034782608695652174,2.8750015781296274,0.19968521003911294,0.19831601194587536,0.007235120309237675,0.0058658689258680174,0.7987408401564517,-0.09915800597293768,0.0289404812369507,-0.0029329344629340087
0.34782608695652173,0.0391304347826087,2.8591326129635384,0.20064769554929632,0.1990971014794433,0.008197605819421055,0.006646958459435942,0.8025907821971853,-0.09954855073972164,0.03279042327768422,-0.003323479229717971
0.34782608695652173,0.043478260869565216,2.843208062868299,0.2016240554022245,0.1998896253157477,0.009173965672349238,0.007439482295740346,0.806496221608898,-0.09994481265787385,0.03669586268939695,-0.003719741147870173
0.34782608695652173,0.04782608695652174,2.8272275175159622,0.2026146030628196,0.20069384333157758,0.010164513332944325,0.008243700311570235,0.8104584122512783,-0.10034692166578879,0.0406580533317773,-0.004121850155785117
0.34782608695652173,0.052173913043478265,2.8111905619280693,0.2036196616054237,0.20151002345807756,0.011169571875548429,0.009059880438070211,0.8144786464216948,-0.10075501172903878,0.044678287502193714,-0.004529940219035106
0.34782608695652173,0.05652173913043478,2.795096776397122,0.20463956408615885,0.20233844199545217,0.012189474356283592,0.009888298975444826,0.8185582563446354,-0.10116922099772609,0.04875789742513437,-0.004944149487722413
0.34782608695652173,0.06086956521739131,2.7789457364314174,0.2056746539327603,0.20317938387799805,0.013224564202885036,0.010729240857990707,0.8226986157310412,-0.10158969193899903,0.052898256811540145,-0.005364620428995354
0.34782608695652173,0.06521739130434782,2.762737012659467,0.20672528535284843,0.20403314299942124,0.014275195622973164,0.011582999979413894,0.8269011414113937,-0.10201657149971062,0.057100782491892654,-0.005791499989706947
0.34782608695652173,0.06956521739130435,2.746470170777946,0.20779182376166516,0.20490002245338806,0.0153417340317899,0.012449879433380717,0.8311672950466606,-0.10245001122669403,0.0613669361271596,-0.006224939716690359
0.34782608695652173,0.07391304347826087,2.7301447714481397,0.2088746462303675,0.20578033517644337,0.016424556500492238,0.013330192156436022,0.83549858492147,-0.10289016758822168,0.06569822600196895,-0.006665096078218011
0.34782608695652173,0.0782608695652174,2.7137603702447888,0.20997414195603945,0.20667440415718827,0.017524052226164183,0.014224261137180921,0.8398965678241578,-0.10333720207859413,0.07009620890465673,-0.007112130568590461
0.34782608695652173,0.08260869565217391,2.6973165175550062,0.21109071275466215,0.20758256283542653,0.01864062302478689,0.015132419815419185,0.8443628510186486,-0.10379128141771327,0.07456249209914756,-0.007566209907709592
0.34782608695652173,0.08695652173913043,2.680812758508923,0.21222477357836056,0.2085051555964736,0.019774683848485297,0.016055012576466243,0.8488990943134422,-0.1042525777982368,0.07909873539394119,-0.008027506288233122
0.34782608695652173,0.09130434782608696,2.6642486328937567,0.21337675305833473,0.20944253820873354,0.020926663328459466,0.016992395188726195,0.8535070122333389,-0.10472126910436677,0.08370665331383786,-0.008496197594363097
0.34782608695652173,0.09565217391304348,2.647623675058177,0.21454709407497638,0.21039507840010635,0.022097004345101118,0.017944935380099003,0.8581883762999055,-0.10519753920005318,0.08838801738040447,-0.008972467690049502
0.34782608695652173,0.1,2.6309374138493795,0.2157362543567731,0.21136315613701037,0.023286164626897837,0.018913013117003025,0.8629450174270924,-0.10568157806850519,0.09314465850759135,-0.009456506558501512
0.3913043478260869,0.0,3.000000001112835,0.19245008972987526,0.19245014302000735,0.0,0.0,0.769800358919501,-0.09622507151000367,0.0,0.0
0.3913043478260869,0.004347826086956522,2.9843271335466945,0.19333120664218786,0.19317466592994503,0.0008811169123126017,0.000724522909937686,0.7733248265687515,-0.09658733296497252,0.003524467649250407,-0.000362261454968843
0.3913043478260869,0.008695652173913044,2.9686033103225884,0.1942242980479663,0.19390919017896863,0.001774208318091025,0.0014590471589612797,0.7768971921918651,-0.09695459508948431,0.0070968332723641,-0.0007295235794806398
0.3913043478260869,0.013043478260869566,2.9528281849029705,0.19512961840791998,0.19465392972846557,0.002679528678044718,0.002203786708458222,0.7805184736316799,-0.09732696486423278,0.010718114712178872,-0.001101893354229111
0.3913043478260869,0.017391304347826087,2.9370014071492396,0.1960474295107498,0.1954091047224996,0.0035973397808745367,0.002958961702492241,0.7841897180429992,-0.0977045523612498,0.014389359123498147,-0.0014794808512461205
0.3913043478260869,0.021739130434782608,2.9211226232657412,0.19697800073967972,0.19617494143434833,0.004527911009804458,0.0037247984143409796,0.7879120029587189,-0.09808747071717416,0.018111644039217834,-0.0018623992071704898
0.3913043478260869,0.026086956521739132,2.9051914757493056,0.19792160935072187,0.196951672882742,0.005471519620846604,0.004501529862734666,0.7916864374028875,-0.098475836441371,0.021886078483386417,-0.002250764931367333
0.3913043478260869,0.030434782608695653,2.8892076033324483,0.1988785407632808,0.1977395390236565,0.00642845103340553,0.005289396003649166,0.7955141630531232,-0.09886976951182826,0.02571380413362212,-0.002644698001824583
0.3913043478260869,0.034782608695652174,2.873170640929859,0.19984908886374111,0.19853878696303368,0.007398999133865852,0.006088643943026328,0.7993963554549645,-0.09926939348151684,0.02959599653546341,-0.003044321971513164
0.3913043478260869,0.0391304347826087,2.857080219595145,0.20083355632272062,0.19934967109119175,0.008383466592845362,0.006899528071184408,0.8033342252908825,-0.09967483554559588,0.03353386637138145,-0.003449764035592204
0.3913043478260869,0.043478260869565216,2.840935966457594,0.20183225492671206,0.20017245368324504,0.009382165196836795,0.007722310663237697,0.8073290197068482,-0.10008622684162252,0.03752866078734718,-0.0038611553316188485
0.3913043478260869,0.04782608695652174,2.824737504662853,0.20284550592488088,0.20100740463302505,0.010395416195005613,0.008557261613017703,0.8113820236995235,-0.10050370231651252,0.041581664780022454,-0.004278630806508851
0.3913043478260869,0.052173913043478265,2.808484453314267,0.20387364039183498,0.20185480248223014,0.011423550661959714,0.009404659462222797,0.8154945615673399,-0.10092740124111507,0.045694202647838855,-0.004702329731111399
0.3913043478260869,0.05652173913043478,2.7921764274306518,0.2049169996072291,0.20271493413435193,0.012466909877353827,0.010264791114344585,0.8196679984289164,-0.10135746706717597,0.04986763950941531,-0.005132395557172292
0.3913043478260869,0.06086956521739131,2.7758130378675054,0.20597593545312556,0.20358809574843084,0.013525845723250302,0.011137952728423495,0.8239037418125023,-0.10179404787421542,0.054103382893001206,-0.005568976364211747
0.3913043478260869,0.06521739130434782,2.7593938912634712,0.20705081083008647,0.20447459213556085,0.014600721100211211,0.012024449115553504,0.8282032433203459,-0.10223729606778043,0.058402884400844846,-0.006012224557776752
0.3913043478260869,0.06956521739130435,2.7429185899846784,0.2081420000930372,0.2053747385182518,0.01569191036316195,0.012924595498244457,0.8325680003721488,-0.1026873692591259,0.0627676414526478,-0.006462297749122228
0.3913043478260869,0.07391304347826087,2.726386732053504,0.20924988950800547,0.2062888597510792,0.016799799778130203,0.013838716731071843,0.8369995580320219,-0.1031444298755396,0.06719919911252081,-0.006919358365535921
0.3913043478260869,0.0782608695652174,2.7097979110870973,0.2103748777309135,0.20721729104205672,0.01792478800103825,0.01476714802204937,0.841499510923654,-0.10360864552102836,0.071699152004153,-0.007383574011024685
0.3913043478260869,0.08260869565217391,2.693151716236987,0.21151737630967532,0.2081603786565665,0.019067286579800058,0.015710235636559156,0.8460695052387013,-0.10408018932828325,0.07626914631920023,-0.007855117818279578
0.3913043478260869,0.08695652173913043,2.6764477321175555,0.21267781021093396,0.20911848028843194,0.020227720481058697,0.016668337268424593,0.8507112408437358,-0.10455924014421597,0.08091088192423479,-0.008334168634212297
0.3913043478260869,0.09130434782608696,2.6596855387388034,0.21385661837286202,0.21009196508386876,0.021406528642986755,0.017641822063861418,0.8554264734914481,-0.10504598254193438,0.08562611457194702,-0.008820911031930709
0.3913043478260869,0.09565217391304348,2.6428647114387207,0.2150542542855425,0.2110812147541645,0.022604164555667244,0.01863107173415715,0.86021701714217,-0.10554060737708225,0.09041665822266898,-0.009315535867078575
0.3913043478260869,0.1,2.625984820811291,0.21627118660055,0.21208662343507648,0.02382109687067474,0.01963648041506913,0.8650847464022,-0.10604331171753824,0.09528438748269896,-0.009818240207534565
0.43478260869565216,0.0,3.000000001112835,0.19245008972987526,0.19245014302000735,0.0,0.0,0.769800358919501,-0.09622507151000367,0.0,0.0
0.43478260869565216,0.004347826086956522,2.984121688307781,0.1933490415059295,0.19319981549236734,0.0008989517760542298,0.0007496724723599912,0.773396166023718,-0.09659990774618367,0.0035958071042169193,-0.0003748362361799956
0.43478260869565216,0.008695652173913044,2.968194176776383,0.1942602268055107,0.19395984761676002,0.0018101370756354318,0.0015097045967526757,0.7770409072220428,-0.09697992380838001,0.007240548302541727,-0.0007548522983763378
0.43478260869565216,0.013043478260869566,2.952217150493423,0.19518390498164326,0.19473046007066475,0.002733815251767996,0.002280317050657399,0.780735619926573,-0.09736523003533237,0.010935261007071984,-0.0011401585253286994
0.43478260869565216,0.017391304347826087,2.936190290336606,0.19612034282784102,0.19551188005242298,0.003670253097965759,0.0030617370324156346,0.7844813713113641,-0.09775594002621149,0.014681012391863035,-0.0015308685162078173
0.43478260869565216,0.021739130434782608,2.9201132740501237,0.19706981484752367,0.19630434141550482,0.00461972511764841,0.0038541983954974712,0.7882792593900947,-0.09815217070775241,0.01847890047059364,-0.0019270991977487356
0.43478260869565216,0.026086956521739132,2.903985776204211,0.19803260353523613,0.19710808497077995,0.0055825138053608725,0.004657941950772598,0.7921304141409445,-0.09855404248538997,0.02233005522144349,-0.002328970975386299
0.43478260869565216,0.030434782608695653,2.8878074681474133,0.19900899967027783,0.19792335801675906,0.006558909940402563,0.005473214996751713,0.7960359986811113,-0.09896167900837953,0.026235639761610252,-0.0027366074983758565
0.43478260869565216,0.034782608695652174,2.87157801796946,0.19999930262338683,0.19875041562964338,0.00754921289351157,0.006300272609636032,0.7999972104935473,-0.09937520781482169,0.03019685157404628,-0.003150136304818016
0.43478260869565216,0.0391304347826087,2.8552970904600334,0.20100382067716066,0.19958952042711822,0.008553730947285398,0.007139377407110875,0.8040152827086426,-0.09979476021355911,0.034214923789141594,-0.0035696887035554375
0.43478260869565216,0.043478260869565216,2.8389643470529684,0.20202287136093722,0.2004409428579088,0.009572781631061955,0.007990799837901463,0.8080914854437489,-0.1002204714289544,0.03829112652424782,-0.003995399918950732
0.43478260869565216,0.04782608695652174,2.822579445794416,0.20305678180090347,0.20130496164546882,0.010606692071028212,0.008854818625461475,0.8122271272036139,-0.10065248082273441,0.04242676828411285,-0.004427409312730737
0.43478260869565216,0.052173913043478265,2.80614204128442,0.20410588908624613,0.20218186377701866,0.011655799356370872,0.009731720757011314,0.8164235563449845,-0.10109093188850933,0.04662319742548349,-0.004865860378505657
0.43478260869565216,0.05652173913043478,2.789651784648968,0.2051705406522083,0.2030719454455475,0.012720450922333038,0.010621802425540144,0.8206821626088332,-0.10153597272277375,0.05088180368933215,-0.005310901212770072
0.43478260869565216,0.06086956521739131,2.7731083234660474,0.20625109468097083,0.20397551174460143,0.013801004951095569,0.011525368724594087,0.8250043787238833,-0.10198775587230072,0.055204019804382276,-0.005762684362297044
0.43478260869565216,0.06521739130434782,2.7565113017455545,0.20734792052133355,0.20489287737514741,0.014897830791458289,0.012442734355140067,0.8293916820853342,-0.10244643868757371,0.059591323165833154,-0.0062213671775700335
0.43478260869565216,0.06956521739130435,2.7398603598532207,0.20846139912823297,0.20582436700835233,0.01601130939835771,0.01337422398834498,0.8338455965129319,-0.10291218350417616,0.06404523759343084,-0.00668711199417249
0.43478260869565216,0.07391304347826087,2.7231551344884224,0.2095919235232002,0.2067703154536389,0.01714183379332493,0.01432017243363154,0.8383676940928008,-0.10338515772681944,0.06856733517329971,-0.00716008621681577
0.43478260869565216,0.0782608695652174,2.706395258610258,0.21073989927693196,0.20773106835662125,0.018289809547056696,0.015280925336613904,0.8429595971077278,-0.10386553417831063,0.07315923818822678,-0.007640462668306952
0.43478260869565216,0.08260869565217391,2.6895803613988467,0.21190574501522424,0.20870698258439058,0.019455655285348983,0.01625683956438323,0.847622980060897,-0.10435349129219529,0.07782262114139593,-0.008128419782191615
0.43478260869565216,0.08695652173913043,2.6727100681947906,0.21308989294959926,0.20969842625554297,0.020639803219724,0.017248283235535622,0.852359571798397,-0.10484921312777148,0.082559212878896,-0.008624141617767811
0.43478260869565216,0.09130434782608696,2.6557840004556064,0.2142927894340438,0.21070578006071178,0.02184269970416855,0.01825563704070443,0.8571711577361752,-0.10535289003035589,0.0873707988166742,-0.009127818520352216
0.43478260869565216,0.09565217391304348,2.6388017756926323,0.21551489554937042,0.21172943688158746,0.02306480581949516,0.019279293861580116,0.8620595821974817,-0.10586471844079373,0.09225922327798064,-0.009639646930790058
0.43478260869565216,0.1,2.621763007419686,0.21675668771681475,0.21276980286424843,0.024306597986939488,0.020319659844241084,0.867026750867259,-0.10638490143212422,0.09722639194775795,-0.010159829922120542
0.4782608695652174,0.0,3.000000001112835,0.19245008972987526,0.19245014302000735,0.0,0.0,0.769800358919501,-0.09622507151000367,0.0,0.0
0.4782608695652174,0.004347826086956522,2.9839459187439963,0.19336525216232636,0.1932235930381062,0.0009151624324510998,0.0007734500180988646,0.7734610086493054,-0.0966117965190531,0.0036606497298043994,-0.0003867250090494323
0.4782608695652174,0.008695652173913044,2.967844627432459,0.19429286223256273,0.19400772330563792,0.0018427725026874675,0.0015575802856305776,0.7771714489302509,-0.09700386165281896,0.00737109001074987,-0.0007787901428152888
0.4782608695652174,0.013043478260869566,2.9516958426572475,0.1952331827201376,0.19480276025779986,0.0027830929902623314,0.002352617237792509,0.7809327308805504,-0.09740138012889993,0.011132371961049325,-0.0011763086188962546
0.4782608695652174,0.017391304347826087,2.9354992773027817,0.1961864839010003,0.1956089369960116,0.003736394171125035,0.0031587939760042427,0.7847459356040012,-0.0978044684980058,0.01494557668450014,-0.0015793969880021214
0.4782608695652174,0.021739130434782608,2.9192546416104848,0.19715304381724114,0.19642649315995145,0.004702954087365874,0.0039763501399441015,0.7886121752689645,-0.09821324657997572,0.018811816349463495,-0.0019881750699720507
0.4782608695652174,0.026086956521739132,2.9029616431764835,0.1981331485585754,0.19725567558885473,0.005683058828700127,0.004805532568847387,0.7925325942343016,-0.09862783779442737,0.02273223531480051,-0.0024027662844236936
0.4782608695652174,0.030434782608695653,2.8866199868895657,0.1991270925561673,0.19809673827788918,0.00667700282629205,0.005646595257881831,0.7965083702246692,-0.09904836913894459,0.0267080113051682,-0.0028232976289409156
0.4782608695652174,0.034782608695652174,2.8702293749166183,0.20013517888943053,0.19894994232295443,0.007685089159555264,0.006499799302947085,0.8005407155577221,-0.09947497116147722,0.030740356638221056,-0.0032498996514735423
0.4782608695652174,0.0391304347826087,2.8537895066550103,0.20115771960647766,0.1998155571200469,0.008707629876602396,0.007365414100039547,0.8046308784259106,-0.09990777856002345,0.034830519506409585,-0.0036827070500197734
0.4782608695652174,0.043478260869565216,2.8373000787118685,0.2021950360589335,0.20069385970804596,0.00974494632905823,0.00824371668803861,0.808780144235734,-0.10034692985402298,0.03897978531623292,-0.004121858344019305
0.4782608695652174,0.04782608695652174,2.820760784859683,0.20324745925186913,0.20158513562806984,0.010797369521993866,0.009134992608062498,0.8129898370074765,-0.10079256781403492,0.043189478087975464,-0.004567496304031249
0.4782608695652174,0.052173913043478265,2.8041713160049384,0.2043153302096587,0.20248967891459724,0.011865240479783434,0.01003953589458989,0.8172613208386348,-0.10124483945729862,0.04746096191913374,-0.005019767947294945
0.4782608695652174,0.05652173913043478,2.787531360147995,0.2053990003586124,0.203407792854663,0.012948910628737126,0.010957649834655664,0.8215960014344496,-0.1017038964273315,0.0517956425149485,-0.005478824917327832
0.4782608695652174,0.06086956521739131,2.770840602350748,0.20649883192728846,0.2043397898339278,0.0140487421974132,0.011889646813920463,0.8259953277091538,-0.1021698949169639,0.0561949687896528,-0.005944823406960231
0.4782608695652174,0.06521739130434782,2.7540987246990882,0.20761519836544629,0.2052859921687442,0.015165108635571023,0.012835849148736866,0.8304607934617851,-0.1026429960843721,0.06066043454228409,-0.006417924574368433
0.4782608695652174,0.06956521739130435,2.73730540625713,0.20874848478266037,0.20624673195003507,0.016298395052785103,0.01379658893002772,0.8349939391306415,-0.10312336597501753,0.06519358021114041,-0.00689829446501386
0.4782608695652174,0.07391304347826087,2.720460323046108,0.20989908840768082,0.20722235195515962,0.017448998677805555,0.01477220893515227,0.8395963536307233,-0.10361117597757981,0.06979599471122222,-0.007386104467576135
0.4782608695652174,0.0782608695652174,2.703563147989155,0.21106741906969434,0.20821320566091073,0.018617329339819078,0.01576306264090338,0.8442696762787774,-0.10410660283045536,0.07446931735927631,-0.00788153132045169
0.4782608695652174,0.08260869565217391,2.6866135508731968,0.21225389970271435,0.2092196580693519,0.019803809972839093,0.01676951504934454,0.8490155988108574,-0.10460982903467594,0.07921523989135637,-0.00838475752467227
0.4782608695652174,0.08695652173913043,2.669611198320281,0.2134589668744066,0.21024208586191717,0.02100887714453134,0.017791942841909825,0.8538358674976264,-0.10512104293095859,0.08403550857812536,-0.008895971420954912
0.4782608695652174,0.09130434782608696,2.6525557537340294,0.21468307134074416,0.21128087801827158,0.022232981610868896,0.018830734998264237,0.8587322853629766,-0.10564043900913579,0.08893192644347558,-0.009415367499132118
0.4782608695652174,0.09565217391304348,2.6354468772633672,0.21592667862797513,0.21233643627817791,0.023476588898099865,0.019886293258170568,0.8637067145119005,-0.10616821813908896,0.09390635559239946,-0.009943146629085284
0.4782608695652174,0.1,2.618284225762023,0.2171902696434858,0.2134091755677211,0.02474017991361055,0.020959032547713752,0.8687610785739432,-0.10670458778386055,0.0989607196544422,-0.010479516273856876
0.5217391304347826,0.0,3.000000001112835,0.19245008972987526,0.19245014302000735,0.0,0.0,0.769800358919501,-0.09622507151000367,0.0,0.0
0.5217391304347826,0.004347826086956522,2.983800074769766,0.19337979343807493,0.193245917016647,0.0009297037081996695,0.0007957739966396593,0.7735191737522997,-0.0966229585083235,0.003718814832798678,-0.00039788699831982965
0.5217391304347826,0.008695652173913044,2.9675551390984714,0.19432211263283306,0.1940526516927522,0.0018720229029577928,0.0016025086727448623,0.7772884505313322,-0.0970263258463761,0.007488091611831171,-0.0008012543363724312
0.5217391304347826,0.013043478260869566,2.951264941557068,0.1952773120261704,0.19487057809098718,0.0028272222962951454,0.0024204350709798317,0.7811092481046816,-0.09743528904549359,0.011308889185180582,-0.0012102175354899158
0.5217391304347826,0.017391304347826087,2.93492922747886,0.19624566382560324,0.1956999336566337,0.003795574095727977,0.003249790636626365,0.784982655302413,-0.09784996682831686,0.015182296382911908,-0.0016248953183131826
0.5217391304347826,0.021739130434782608,2.9185477400372624,0.19722744800169492,0.1965409629029766,0.0047773582718196594,0.004090819882969249,0.7889097920067797,-0.0982704814514883,0.019109433087278638,-0.0020454099414846244
0.5217391304347826,0.026086956521739132,2.9021202202311467,0.19822295256715464,0.19739391700837466,0.0057728628372793744,0.004943773988367317,0.7928918102686185,-0.09869695850418733,0.023091451349117498,-0.0024718869941836585
0.5217391304347826,0.030434782608695653,2.8856464068575316,0.1992324738680695,0.19825905477686057,0.006782384138194236,0.005808911756853219,0.796929895472278,-0.09912952738843028,0.027129536552776945,-0.0029044558784266095
0.5217391304347826,0.034782608695652174,2.869126036480316,0.2002563168878895,0.19913664220021018,0.0078062271580142395,0.006686499180202837,0.801025267551558,-0.09956832110010509,0.031224908632056958,-0.0033432495901014186
0.5217391304347826,0.0391304347826087,2.85255884341898,0.20129479556482224,0.20002695353113012,0.008844705834946981,0.007576810511122772,0.805179182259289,-0.10001347676556506,0.035378823339787924,-0.003788405255561386
0.5217391304347826,0.043478260869565216,2.8359445597033064,0.20234823312333197,0.20093027044698164,0.00989814339345671,0.008480127426974293,0.8093929324933279,-0.10046513522349082,0.03959257357382684,-0.004240063713487147
0.5217391304347826,0.04782608695652174,2.8192829150661227,0.2034169624204809,0.20184688403386633,0.010966872690605645,0.009396741013858984,0.8136678496819236,-0.10092344201693317,0.04386749076242258,-0.004698370506929492
0.5217391304347826,0.052173913043478265,2.802573636904459,0.2045013263078927,0.20277709323342122,0.012051236578017432,0.010326950213413871,0.8180053052315708,-0.10138854661671061,0.04820494631206973,-0.005163475106706936
0.5217391304347826,0.05652173913043478,2.785816450255647,0.20560167801016732,0.2037212065874196,0.01315158828029206,0.011271063567412254,0.8224067120406693,-0.1018606032937098,0.05260635312116824,-0.005635531783706127
0.5217391304347826,0.06086956521739131,2.7690110777768835,0.2067183815206265,0.20467954162836532,0.01426829179075123,0.012229398608357978,0.826873526082506,-0.10233977081418266,0.05707316716300492,-0.006114699304178989
0.5217391304347826,0.06521739130434782,2.75215723970225,0.2078518120153224,0.20565242603151718,0.015401722285447145,0.01320228301150983,0.8314072480612896,-0.10282621301575859,0.06160688914178858,-0.006601141505754915
0.5217391304347826,0.06956521739130435,2.7352546538315368,0.20900235628630093,0.2066401975168162,0.016552266556425665,0.014190054496808852,0.8360094251452037,-0.1033200987584081,0.06620906622570266,-0.007095027248404426
0.5217391304347826,0.07391304347826087,2.7183030354953006,0.21017041319517266,0.207643204093998,0.017720323465297394,0.015193061073990655,0.8406816527806906,-0.103821602046999,0.07088129386118958,-0.007596530536995327
0.5217391304347826,0.0782608695652174,2.7013020975139823,0.21135639414811053,0.20866180515118948,0.018906304418235265,0.016211662131182136,0.8454255765924421,-0.10433090257559474,0.07562521767294106,-0.008105831065591068
0.5217391304347826,0.08260869565217391,2.6842515501897086,0.21256072359346503,0.20969637115450065,0.020110633863589772,0.017246228134493308,0.8502428943738601,-0.10484818557725033,0.08044253545435909,-0.008623114067246654
0.5217391304347826,0.08695652173913043,2.667151101264307,0.2137838395432632,0.210747284657979,0.021333749813387926,0.018297141637971664,0.8551353581730528,-0.1053736423289895,0.0853349992535517,-0.009148570818985832
0.5217391304347826,0.09130434782608696,2.6500004558859245,0.21502619411993973,0.21181494036782347,0.022576104390064466,0.019364797347816126,0.8601047764797589,-0.10590747018391174,0.09030441756025787,-0.009682398673908063
0.5217391304347826,0.09565217391304348,2.632799316587144,0.2162882541297365,0.21289974593368055,0.02383816439986125,0.020449602913673204,0.865153016518946,-0.10644987296684028,0.095352657599445,-0.010224801456836602
0.5217391304347826,0.1,2.615547383248897,0.2175705016643006,0.21400212214032405,0.025120411934425324,0.0215519791203167,0.8702820066572023,-0.10700106107016202,0.1004816477377013,-0.01077598956015835
0.5652173913043478,0.0,3.000000001112835,0.19245008972987526,0.19245014302000735,0.0,0.0,0.769800358919501,-0.09622507151000367,0.0,0.0
0.5652173913043478,0.004347826086956522,2.983683878791166,0.19339265110622084,0.19326673328309005,0.0009425613763455742,0.0008165902630827004,0.7735706044248833,-0.09663336664154502,0.003770245505382297,-0.0004082951315413502
0.5652173913043478,0.008695652173913044,2.967325129692401,0.19434794931174082,0.19409452320479234,0.0018978595818655575,0.0016443801847849937,0.7773917972469633,-0.09704726160239617,0.00759143832746223,-0.0008221900923924969
0.5652173913043478,0.013043478260869566,2.950923533206413,0.19531624951209636,0.19493374725477203,0.0028661597822211005,0.0024836042347646803,0.7812649980483855,-0.09746687362738601,0.011464639128884402,-0.0012418021173823401
0.5652173913043478,0.017391304347826087,2.934478867033544,0.19629782431246415,0.19578464580972543,0.0038477345825888853,0.0033345027897180857,0.7851912972498566,-0.09789232290486272,0.015390938330355541,-0.0016672513948590428
0.5652173913043478,0.021739130434782608,2.9179909071513217,0.19729295402050745,0.19664746633470748,0.004842864290632187,0.00419732331470013,0.7891718160820298,-0.09832373316735374,0.01937145716252875,-0.002098661657350065
0.5652173913043478,0.026086956521739132,2.9014594278168224,0.19830192692058246,0.19752246358013603,0.005851837190707199,0.005072320560128685,0.7932077076823298,-0.09876123179006802,0.023407348762828795,-0.0025361602800643424
0.5652173913043478,0.030434782608695653,2.8848842015292817,0.19932503955974562,0.19840989900366843,0.006874949829870358,0.00595975598366108,0.7973001582389825,-0.09920494950183421,0.027499799319481433,-0.00297987799183054
0.5652173913043478,0.034782608695652174,2.868264999029505,0.200362597046158,0.19931004223156654,0.007912507316282735,0.0068598992115591895,0.801450388184632,-0.09965502111578327,0.03165002926513094,-0.0034299496057795947
0.5652173913043478,0.0391304347826087,2.851601589269074,0.20141491336051853,0.2002231703439751,0.00896482363064327,0.007773027323967757,0.8056596534420741,-0.10011158517198755,0.03585929452257308,-0.0038865136619838786
0.5652173913043478,0.043478260869565216,2.834893739397887,0.20248231168119452,0.20114956871131376,0.010032221951319253,0.008699425691306412,0.8099292467247781,-0.10057478435565688,0.040128887805277014,-0.004349712845653206
0.5652173913043478,0.04782608695652174,2.8181412147413893,0.2035651247237572,0.20208953109118277,0.011115034993881945,0.009639388071175425,0.8142604988950288,-0.10104476554559139,0.04446013997552778,-0.004819694035587713
0.5652173913043478,0.052173913043478265,2.8013437787877495,0.2046636950956736,0.2030433601003623,0.012213605365798325,0.01059321708035496,0.8186547803826943,-0.10152168005018115,0.0488544214631933,-0.00529660854017748
0.5652173913043478,0.05652173913043478,2.7845011931613945,0.20577837566694826,0.20401136727883964,0.013328285937072998,0.011561224258832298,0.823113502667793,-0.10200568363941982,0.05331314374829199,-0.005780612129416149
0.5652173913043478,0.06086956521739131,2.7676132176141057,0.2069095299575596,0.20499387344703596,0.014459440227684334,0.01254373042702861,0.8276381198302384,-0.10249693672351798,0.057837760910737335,-0.006271865213514305
0.5652173913043478,0.06521739130434782,2.750679609987877,0.2080575325425846,0.20599120947220795,0.015607442812709343,0.0135410664522006,0.8322301301703384,-0.10299560473610397,0.062429771250837374,-0.0067705332261003
0.5652173913043478,0.06956521739130435,2.7337001262133827,0.20922276947596127,0.20700371631337125,0.01677267974608601,0.014553573293363903,0.8368910779038451,-0.10350185815668562,0.06709071898434404,-0.007276786646681951
0.5652173913043478,0.07391304347826087,2.7166745202799403,0.21040563873389753,0.20803174538550973,0.01795554900402227,0.015581602365502378,0.8416225549355901,-0.10401587269275486,0.07182219601608908,-0.007790801182751189
0.5652173913043478,0.0782608695652174,2.6996025442136915,0.21160655067899675,0.20907565886590534,0.01915646094912149,0.016625515845897998,0.846426202715987,-0.10453782943295267,0.07662584379648596,-0.008312757922948999
0.5652173913043478,0.08260869565217391,2.6824839480661464,0.21282592854623902,0.2101358309131822,0.02037583881636376,0.017685687893174845,0.8513037141849561,-0.1050679154565911,0.08150335526545505,-0.008842843946587423
0.5652173913043478,0.08695652173913043,2.6653184798798186,0.21406420895202705,0.2112126468097182,0.021614119222151784,0.018762503789710866,0.8562568358081082,-0.1056063234048591,0.08645647688860714,-0.009381251894855433
0.5652173913043478,0.09130434782608696,2.648105885677698,0.2153218424275857,0.21230650456950706,0.02287175269771044,0.019856361549499713,0.8612873697103428,-0.10615325228475353,0.09148701079084176,-0.009928180774749856
0.5652173913043478,0.09565217391304348,2.6308459094377814,0.21659929397808383,0.21341781473024451,0.024149204248208572,0.020967671710237168,0.8663971759123353,-0.10670890736512226,0.09659681699283429,-0.010483835855118584
0.5652173913043478,0.1,2.6135382930697855,0.21789704366893853,0.21454700151364986,0.025446953939063266,0.022096858493642513,0.8715881746757541,-0.10727350075682493,0.10178781575625306,-0.011048429246821256
0.6086956521739131,0.0,3.000000001112835,0.19245008972987526,0.19245014302000735,0.0,0.0,0.769800358919501,-0.09622507151000367,0.0,0.0
0.6086956521739131,0.004347826086956522,2.9835965337938455,0.19340384233871816,0.19328601724222844,0.0009537526088428949,0.0008358742222210891,0.7736153693548726,-0.09664300862111422,0.0038150104353715797,-0.00041793711111054455
0.6086956521739131,0.008695652173913044,2.967152975512502,0.1943704074739101,0.1941332885995589,0.0019203177440348385,0.0016831455795515426,0.7774816298956404,-0.09706664429977944,0.007681270976139354,-0.0008415727897757713
0.6086956521739131,0.013043478260869566,2.9506691370550233,0.19535004933294717,0.19499219317938563,0.0028999596030719055,0.0025420501593782785,0.7814001973317887,-0.09749609658969281,0.011599838412287622,-0.0012710250796891392
0.6086956521739131,0.017391304347826087,2.934144827886787,0.19634303944530526,0.1958629730136292,0.0038929497154299997,0.0034128299936218576,0.785372157781221,-0.0979314865068146,0.015571798861719999,-0.0017064149968109288
0.6086956521739131,0.021739130434782608,2.917579856171215,0.19734965692866258,0.1967458775696415,0.0048995671987873135,0.004295734549634139,0.7893986277146503,-0.09837293878482074,0.019598268795149254,-0.0021478672748170696
0.6086956521739131,0.026086956521739132,2.9009740287411936,0.19837018875594242,0.19764116278895447,0.00592009902606716,0.005191019768947119,0.7934807550237697,-0.09882058139447723,0.02368039610426864,-0.0025955098844735597
0.6086956521739131,0.030434782608695653,2.8843271510921884,0.1994049300337139,0.1985490920366437,0.006954840303838639,0.006098949016636351,0.7976197201348556,-0.09927454601832185,0.027819361215354554,-0.0030494745083181757
0.6086956521739131,0.034782608695652174,2.8676390273693504,0.20045418429251805,0.19946993657902223,0.008004094562642783,0.007019793559014886,0.8018167371700722,-0.09973496828951112,0.03201637825057113,-0.003509896779507443
0.6086956521739131,0.0391304347826087,2.850909460355941,0.20151826378971868,0.20040397503698937,0.00906817405984342,0.007953832016982021,0.8060730551588747,-0.10020198751849468,0.03627269623937368,-0.0039769160084910105
0.6086956521739131,0.043478260869565216,2.8341382514602396,0.2025974898255148,0.20135149426087967,0.010147400095639525,0.008901351240872324,0.8103899593020591,-0.10067574713043984,0.0405896003825581,-0.004450675620436162
0.6086956521739131,0.04782608695652174,2.8173252007014242,0.2036921930727846,0.20231278941056305,0.011242103342909343,0.009862646390555702,0.8147687722911384,-0.10115639470528152,0.04496841337163737,-0.004931323195277851
0.6086956521739131,0.052173913043478265,2.800470106699937,0.20480271392147428,0.20328816437245284,0.012352624191599021,0.010838021352445493,0.8192108556858971,-0.10164408218622642,0.049410496766396084,-0.005419010676222746
0.6086956521739131,0.05652173913043478,2.783572766658684,0.20592940283828415,0.20427793204605482,0.013479313108408886,0.011827789026047475,0.8237176113531366,-0.10213896602302741,0.05391725243363554,-0.0059138945130237375
0.6086956521739131,0.06086956521739131,2.7666329763603703,0.20707262074245184,0.20528241458889282,0.014622531012576573,0.012832271568885473,0.8282904829698073,-0.10264120729444641,0.05849012405030629,-0.006416135784442736
0.6086956521739131,0.06521739130434782,2.749650530142706,0.20823273939847836,0.2063019441012568,0.0157826496686031,0.013851801081249449,0.8329309575939134,-0.1031509720506284,0.0631305986744124,-0.006925900540624724
0.6086956521739131,0.06956521739130435,2.7326252208932424,0.2094101418266956,0.20733686251473527,0.016960052096820333,0.014886719494727918,0.8376405673067824,-0.10366843125736763,0.06784020838728133,-0.007443359747363959
0.6086956521739131,0.07391304347826087,2.715556840031109,0.21060522273262772,0.20838752202156982,0.018155133002752455,0.015937379001562474,0.8424208909305109,-0.10419376101078491,0.07262053201100982,-0.007968689500781237
0.6086956521739131,0.0782608695652174,2.698445177496338,0.2118183889561584,0.20945428609352024,0.019368299226283137,0.01700414307351289,0.8472735558246336,-0.10472714304676012,0.07747319690513255,-0.008502071536756445
0.6086956521739131,0.08260869565217391,2.681290021731981,0.21305005994157722,0.21053752917659918,0.020599970211701957,0.018087386156591834,0.8522002397663089,-0.10526876458829959,0.08239988084680783,-0.009043693078295917
0.6086956521739131,0.08695652173913043,2.664091159674679,0.21430066822964702,0.21163763750528727,0.02185057849977176,0.019187494485279927,0.8572026729185881,-0.10581881875264364,0.08740231399908704,-0.009593747242639963
0.6086956521739131,0.09130434782608696,2.646848376737844,0.2155706599729049,0.21275500935812156,0.02312057024302963,0.020304866338114208,0.8622826398916196,-0.10637750467906078,0.09248228097211852,-0.010152433169057104
0.6086956521739131,0.09565217391304348,2.6295614568005155,0.21686049547548705,0.21389005573572234,0.02441040574561179,0.021439912715714993,0.8674419819019482,-0.10694502786786117,0.09764162298244716,-0.010719956357857496
0.6086956521739131,0.1,2.612230182187739,0.21817064975885014,0.21504320091363752,0.02572056002897488,0.02259305789363017,0.8726825990354006,-0.10752160045681876,0.10288224011589953,-0.011296528946815085
0.6521739130434783,0.0,3.000000001112835,0.19245008972987526,0.19245014302000735,0.0,0.0,0.769800358919501,-0.09622507151000367,0.0,0.0
0.6521739130434783,0.004347826086956522,2.9835367412995053,0.19341341552950372,0.19330377510648422,0.0009633257996284617,0.0008536320864768743,0.7736536621180149,-0.09665188755324211,0.0038533031985138466,-0.00042681604323843714
0.6521739130434783,0.008695652173913044,2.967036048324024,0.19438958582304555,0.1941689607166965,0.0019394960931702898,0.0017188176966891622,0.7775583432921822,-0.09708448035834825,0.007757984372681159,-0.0008594088483445811
0.6521739130434783,0.013043478260869566,2.9504977633558216,0.19537886251315792,0.19504593605943818,0.002928772783282657,0.0025957930394308326,0.7815154500526317,-0.09752296802971909,0.011715091133130628,-0.0012978965197154163
0.6521739130434783,0.017391304347826087,2.9339217265933155,0.1963815146804534,0.1959349438934254,0.003931424950578133,0.0034848008734180425,0.7855260587218136,-0.0979674719467127,0.01572569980231253,-0.0017424004367090212
0.6521739130434783,0.021739130434782608,2.9173077772871845,0.19739781883109733,0.1968362337304177,0.00494772910122207,0.004386090710410351,0.7895912753243893,-0.09841811686520885,0.01979091640488828,-0.0021930453552051754
0.6521739130434783,0.026086956521739132,2.900655753717653,0.19842805915472445,0.1977500619319997,0.005977969424849183,0.005299918911992357,0.7937122366188978,-0.09887503096599985,0.023911877699396733,-0.0026499594559961787
0.6521739130434783,0.030434782608695653,2.883965493187194,0.19947252779317906,0.1986766921906886,0.007022438063303799,0.006226549170681245,0.7978901111727162,-0.0993383460953443,0.028089752253215194,-0.0031132745853406224
0.6521739130434783,0.034782608695652174,2.8672368320161956,0.20053152512061362,0.199616395525485,0.008081435390738356,0.007166252505477644,0.8021261004824545,-0.0998081977627425,0.032325741562953425,-0.003583126252738822
0.6521739130434783,0.0391304347826087,2.8504696055299314,0.20160536003550883,0.20056945068921178,0.009155270305633567,0.008119307669204434,0.8064214401420353,-0.10028472534460589,0.03662108122253427,-0.004059653834602217
0.6521739130434783,0.043478260869565216,2.833663648062581,0.2026943502652119,0.20153614434044093,0.010244260535336641,0.009086001320433579,0.8107774010608476,-0.10076807217022046,0.040977042141346565,-0.004543000660216789
0.6521739130434783,0.04782608695652174,2.8168187929361888,0.20379882268362343,0.20251677144779998,0.011348732953748164,0.010066628427792629,0.8151952907344937,-0.10125838572389999,0.045394931814992656,-0.005033314213896314
0.6521739130434783,0.052173913043478265,2.799934872460636,0.20491911364269946,0.20351163534360756,0.0124690239128242,0.011061492323600208,0.8196764545707979,-0.10175581767180378,0.0498760956512968,-0.005530746161800104
0.6521739130434783,0.05652173913043478,2.7830117179204024,0.2060555693184759,0.2045210486491996,0.013605479588600644,0.012070905629192247,0.8242222772739036,-0.1022605243245998,0.054421918354402576,-0.006035452814596123
0.6521739130434783,0.06086956521739131,2.766049159573414,0.20720854607236142,0.20554533290500362,0.014758456342486154,0.013095189884996278,0.8288341842894457,-0.10277266645250181,0.059033825369944615,-0.006547594942498139
0.6521739130434783,0.06521739130434782,2.749047026635538,0.20837841082849193,0.20658481909316803,0.015928321098616666,0.014134676073160685,0.8335136433139677,-0.10329240954658402,0.06371328439446666,-0.007067338036580342
0.6521739130434783,0.06956521739130435,2.7320051472816402,0.20956554146798526,0.20763984823985848,0.017115451738109994,0.015189705219851135,0.838262165871941,-0.10381992411992924,0.06846180695243997,-0.0075948526099255675
0.6521739130434783,0.07391304347826087,2.7149233486229596,0.2107703272409855,0.20871077166505214,0.018320237511110227,0.016260628645044795,0.843081308963942,-0.10435538583252607,0.0732809500444409,-0.008130314322522397
0.6521739130434783,0.0782608695652174,2.697801456711138,0.2119931691974412,0.20979795134078594,0.01954307946756595,0.01734780832077859,0.8479726767897648,-0.10489897567039297,0.0781723178702638,-0.008673904160389295
0.6521739130434783,0.08260869565217391,2.6806392965290833,0.21323448063761788,0.21090176006073358,0.020784390907742617,0.01845161704072623,0.8529379225504715,-0.10545088003036679,0.08313756363097047,-0.009225808520363116
0.6521739130434783,0.08695652173913043,2.6634366919752175,0.21449468758340845,0.21202258234122387,0.022044597853533188,0.019572439321216523,0.8579787503336338,-0.10601129117061193,0.08817839141413275,-0.009786219660608261
0.6521739130434783,0.09130434782608696,2.6461934658570443,0.2157742292715697,0.21316081471450232,0.023324139541694433,0.020710671694494975,0.8630969170862788,-0.10658040735725116,0.09329655816677773,-0.010355335847247488
0.6521739130434783,0.09565217391304348,2.6289094398883197,0.21707355867008427,0.21431686578529996,0.024623468940209003,0.021866722765292612,0.8682942346803371,-0.10715843289264998,0.09849387576083601,-0.010933361382646306
0.6521739130434783,0.1,2.611584434677593,0.21839314301892346,0.21549115726311216,0.025943053289048196,0.023041014243104813,0.8735725720756938,-0.10774557863155608,0.10377221315619278,-0.011520507121552406
0.6956521739130435,0.0,3.000000001112835,0.19245008972987526,0.19245014302000735,0.0,0.0,0.769800358919501,-0.09622507151000367,0.0,0.0
0.6956521739130435,0.004347826086956522,2.9835027287421454,0.1934214494949239,0.1933200441127032,0.0009713597650486405,0.0008699010926958572,0.7736857979796956,-0.0966600220563516,0.003885439060194562,-0.0004349505463479286
0.6956521739130435,0.008695652173913044,2.966970771256344,0.19440564488140524,0.19420161516650833,0.0019555551515299807,0.001751472146500982,0.777622579525621,-0.09710080758325416,0.007822220606119923,-0.000875736073250491
0.6956521739130435,0.013043478260869566,2.9504039988071913,0.1954029342983935,0.19509509223458013,0.0029528445685182425,0.0026449492145727838,0.781611737193574,-0.09754754611729007,0.01181137827407297,-0.0013224746072863919
0.6956521739130435,0.017391304347826087,2.9338022809011624,0.19641358313869203,0.19600071690640075,0.003963493408816771,0.0035505738863934044,0.7856543325547681,-0.09800035845320038,0.015853973635267082,-0.0017752869431967022
0.6956521739130435,0.021739130434782608,2.917165486385564,0.1974378640162694,0.1969187376989544,0.004987774286394131,0.004468594678947058,0.7897514560650776,-0.0984593688494772,0.019951097145576524,-0.002234297339473529
0.6956521739130435,0.026086956521739132,2.9004934834562923,0.1984760570134464,0.1978494103324889,0.006025967283571132,0.005399267312481554,0.7939042280537856,-0.09892470516624445,0.024103869134284528,-0.002699633656240777
0.6956521739130435,0.030434782608695653,2.8837861396389033,0.19952844993830465,0.1987929968905734,0.007078360208429391,0.006342853870566045,0.7981137997532186,-0.0993964984452867,0.028313440833717562,-0.0031714269352830227
0.6956521739130435,0.034782608695652174,2.867043321789806,0.20059533859281353,0.19974976715603518,0.00814524886293827,0.0072996241360278324,0.8023813543712541,-0.09987488357801759,0.03258099545175308,-0.0036498120680139162
0.6956521739130435,0.0391304347826087,2.8502648961041843,0.2016770270521992,0.2007199984308184,0.009226937322323936,0.008269855410811044,0.8067081082087968,-0.1003599992154092,0.036907749289295744,-0.004134927705405522
0.6956521739130435,0.043478260869565216,2.8334507280910364,0.20277382795611,0.2017039756065448,0.010323738226234724,0.009253832586537447,0.81109531182444,-0.1008519878032724,0.0412949529049389,-0.0046269162932687236
0.6956521739130435,0.04782608695652174,2.8166006825820835,0.2038860628121627,0.2027019919079286,0.011435973082287443,0.010251848887921244,0.8155442512486508,-0.1013509959539643,0.04574389232914977,-0.005125924443960622
0.6956521739130435,0.052173913043478265,2.7997146237282005,0.20501406231248953,0.2037143488509229,0.012563972582614269,0.011264205830915558,0.8200562492499581,-0.10185717442546145,0.050255890330457076,-0.005632102915457779
0.6956521739130435,0.05652173913043478,2.7827924149904737,0.20615816666393802,0.20474135667812032,0.013708076934062757,0.012291213658112976,0.8246326666557521,-0.10237067833906016,0.05483230773625103,-0.006145606829056488
0.6956521739130435,0.06086956521739131,2.7658339191380414,0.2073187259326179,0.2057833345562125,0.014868636202742647,0.013333191536205158,0.8292749037304716,-0.10289166727810625,0.05947454481097059,-0.006666595768102579
0.6956521739130435,0.06521739130434782,2.7488389982397887,0.20849610040352617,0.2068406108290672,0.016046010673650912,0.014390467809059865,0.8339844016141047,-0.1034203054145336,0.06418404269460365,-0.007195233904529932
0.6956521739130435,0.06956521739130435,2.731807513671095,0.2096906609560259,0.20791352381884629,0.017240571226150636,0.015463380798838938,0.8387626438241036,-0.10395676190942314,0.06896228490460254,-0.007731690399419469
0.6956521739130435,0.07391304347826087,2.714739326091647,0.21090278945600088,0.20900242164826602,0.01845269972612562,0.01655227862825867,0.8436111578240035,-0.10450121082413301,0.07381079890450248,-0.008276139314129335
0.6956521739130435,0.0782608695652174,2.6976342954576538,0.21213287916555543,0.21010766292295913,0.019682789435680165,0.01765751990295178,0.8485315166622217,-0.10505383146147956,0.07873115774272066,-0.00882875995147589
0.6956521739130435,0.08260869565217391,2.6804922810114116,0.21338133517118302,0.21122961691455833,0.020931245441307755,0.01877947389455098,0.8535253406847321,-0.10561480845727916,0.08372498176523102,-0.00938973694727549
0.6956521739130435,0.08695652173913043,2.663313141271472,0.2146485748313818,0.21236866422776368,0.022198485101506543,0.019918521207756335,0.8585942993255272,-0.10618433211388184,0.08879394040602617,-0.009959260603878167
0.6956521739130435,0.09130434782608696,2.646096734035443,0.21593502824475538,0.21352519707448783,0.02348493851488012,0.021075054054480485,0.8637401129790215,-0.10676259853724392,0.09393975405952049,-0.010537527027240243
0.6956521739130435,0.09565217391304348,2.6288429163726805,0.2172411387397007,0.21469961947277563,0.024791049009825428,0.022249476452768285,0.8689645549588028,-0.10734980973638782,0.09916419603930171,-0.011124738226384143
0.6956521739130435,0.1,2.611551544624177,0.218567363386854,0.21589234839223956,0.026117273656978746,0.02344220537223221,0.874269453547416,-0.10794617419611978,0.10446909462791498,-0.011721102686116106
0.7391304347826086,0.0,3.000000001112835,0.19245008972987526,0.19245014302000735,0.0,0.0,0.769800358919501,-0.09622507151000367,0.0,0.0
0.7391304347826086,0.004347826086956522,2.9834922856518786,0.19342805207045638,0.19333489190616399,0.0009779623405811178,0.0008847488861566388,0.7737122082818255,-0.09666744595308199,0.003911849362324471,-0.0004423744430783194
0.7391304347826086,0.008695652173913044,2.966952692293364,0.19441880407196763,0.19423139057024408,0.0019687143420923647,0.0017812475502367309,0.7776752162878705,-0.09711569528512204,0.007874857368369459,-0.0008906237751183654
0.7391304347826086,0.013043478260869566,2.9503811184806628,0.19542259960536545,0.19513987308000072,0.0029725098754901924,0.0026897300599933727,0.7816903984214618,-0.09756993654000036,0.01189003950196077,-0.0013448650299966863
0.7391304347826086,0.017391304347826087,2.933777461262296,0.19643969929804259,0.19606057934642596,0.003989609568167324,0.003610436326418609,0.7857587971921703,-0.09803028967321298,0.015958438272669295,-0.0018052181632093045
0.7391304347826086,0.021739130434782608,2.917141617285676,0.19747037075993337,0.19699375610505865,0.00502028103005811,0.004543613085051301,0.7898814830397335,-0.09849687805252932,0.02008112412023244,-0.0022718065425256506
0.7391304347826086,0.026086956521739132,2.900473482801636,0.19851488881875726,0.19793965612373896,0.006064799088881995,0.005489513103731608,0.794059555275029,-0.09896982806186948,0.02425919635552798,-0.002744756551865804
0.7391304347826086,0.030434782608695653,2.883772953660319,0.19957353576483453,0.1988985395141502,0.007123446034959263,0.006448396494142861,0.7982941430593381,-0.0994492697570751,0.028493784139837053,-0.0032241982470714303
0.7391304347826086,0.034782608695652174,2.8670399253132497,0.2006466016059317,0.19987067343821946,0.00819651187605644,0.007420530418212112,0.8025864064237268,-0.09993533671910973,0.03278604750422576,-0.003710265209106056
0.7391304347826086,0.0391304347826087,2.8502742928009903,0.20173438433261925,0.20085633224276972,0.009284294602743992,0.008406189222762372,0.806937537330477,-0.10042816612138486,0.03713717841097597,-0.004203094611381186
0.7391304347826086,0.043478260869565216,2.833475950763561,0.20283719019465107,0.201855798030822,0.010387100464775811,0.00940565501081464,0.8113487607786043,-0.100927899015411,0.041548401859103246,-0.00470282750540732
0.7391304347826086,0.04782608695652174,2.81664479343196,0.20395533398890314,0.20286936058968058,0.01150524425902788,0.010419217569673234,0.8158213359556126,-0.10143468029484029,0.04602097703611152,-0.005209608784836617
0.7391304347826086,0.052173913043478265,2.799780714631468,0.2050891393594399,0.20389731845478143,0.012639049629564636,0.011447175434774082,0.8203565574377596,-0.10194865922739071,0.050556198518258544,-0.005723587717387041
0.7391304347826086,0.05652173913043478,2.782883607771351,0.20623893911030772,0.2049399775338655,0.013788849380432455,0.012489834513858156,0.8249557564412309,-0.10246998876693275,0.05515539752172982,-0.006244917256929078
0.7391304347826086,0.06086956521739131,2.765953365857375,0.20740507553169035,0.20599765339046075,0.01495498580181509,0.013547510370453403,0.8296203021267614,-0.10299882669523037,0.05981994320726036,-0.006773755185226701
0.7391304347826086,0.06521739130434782,2.7489898814746336,0.2085879007400967,0.20707067041108948,0.016137811010221437,0.014620527391082133,0.8343516029603868,-0.10353533520554474,0.06455124404088575,-0.007310263695541067
0.7391304347826086,0.06956521739130435,2.7319930467961213,0.2097877770332899,0.20815936212770433,0.017337687303414645,0.015709219107696987,0.8391511081331596,-0.10407968106385217,0.06935074921365858,-0.007854609553848493
0.7391304347826086,0.07391304347826087,2.7149627535827747,0.21100507726070922,0.2092640718878367,0.018554987530833955,0.016813928867829342,0.8440203090428369,-0.10463203594391834,0.07421995012333582,-0.008406964433914671
0.7391304347826086,0.0782608695652174,2.697898893168291,0.21224018521017868,0.21038515327102425,0.019790095480303416,0.017935010251016903,0.8489607408407147,-0.10519257663551213,0.07916038192121366,-0.008967505125508451
0.7391304347826086,0.08260869565217391,2.680801356473971,0.21349349601174428,0.2115229701332998,0.021043406281869015,0.019072827113292445,0.8539739840469771,-0.1057614850666499,0.08417362512747606,-0.009536413556646223
0.7391304347826086,0.08695652173913043,2.6636700339956305,0.21476541655953138,0.21267789726446754,0.022315326829656118,0.02022775424446019,0.8590616662381255,-0.10633894863223377,0.08926130731862447,-0.010113877122230094
0.7391304347826086,0.09130434782608696,2.6465048158089397,0.2160563659525676,0.21385032055112374,0.023606276222692346,0.021400177531116393,0.8642254638102704,-0.10692516027556187,0.09442510489076938,-0.010700088765558197
0.7391304347826086,0.09565217391304348,2.6293055915633867,0.21736677595557283,0.21504063764835635,0.024916686225697565,0.022590494628349,0.8694671038222913,-0.10752031882417817,0.09966674490279026,-0.0112952473141745
0.7391304347826086,0.1,2.6120722504800233,0.21869709148078023,0.21624925858203073,0.02624700175090497,0.023799115562023382,0.8747883659231209,-0.10812462929101536,0.10498800700361988,-0.011899557781011691
0.7826086956521738,0.0,3.000000001112835,0.19245008972987526,0.19245014302000735,0.0,0.0,0.769800358919501,-0.09622507151000367,0.0,0.0
0.7826086956521738,0.004347826086956522,2.9835028078597405,0.19343335813429283,0.19334841599772265,0.0009832684044175644,0.0008982729777153031,0.7737334325371713,-0.09667420799886133,0.003933073617670257,-0.00044913648885765156
0.7826086956521738,0.008695652173913044,2.9669765737500433,0.1944293376309133,0.19425848542848703,0.0019792479010380393,0.001808342408479685,0.7777173505236532,-0.09712924271424352,0.007916991604152157,-0.0009041712042398425
0.7826086956521738,0.013043478260869566,2.950421221564681,0.1954382766812811,0.19518058203524657,0.0029881869514058468,0.0027304390152392277,0.7817531067251244,-0.09759029101762329,0.011952747805623387,-0.0013652195076196139
0.7826086956521738,0.017391304347826087,2.933836673904381,0.19646043025061682,0.1961149432505255,0.004010340520741562,0.003664800230518156,0.7858417210024673,-0.09805747162526275,0.01604136208296625,-0.001832400115259078
0.7826086956521738,0.021739130434782608,2.917222853179104,0.19749606002179493,0.19706181252795638,0.005045970291919666,0.004611669507949029,0.7899842400871797,-0.09853090626397819,0.020183881167678663,-0.0023058347539745144
0.7826086956521738,0.026086956521739132,2.900579681612316,0.19854543461782273,0.19802143949099368,0.006095344887947468,0.005571296470986337,0.7941817384712909,-0.09901071974549684,0.024381379551789872,-0.0027856482354931683
0.7826086956521738,0.030434782608695653,2.883907081240087,0.19960882983321757,0.19899408076763064,0.007158740103342304,0.006543937747623296,0.7984353193328703,-0.09949704038381532,0.028634960413369215,-0.003271968873811648
0.7826086956521738,0.034782608695652174,2.8672049739203174,0.20068652887469873,0.19997999982896303,0.00823643914482347,0.007529856808955682,0.8027461154987949,-0.09998999991448151,0.03294575657929388,-0.003764928404477841
0.7826086956521738,0.0391304347826087,2.8504732813153417,0.20177882261163596,0.20097946714723636,0.009328732881760698,0.00852932412722901,0.8071152904465438,-0.10048973357361818,0.037314931527042794,-0.004264662063614505
0.7826086956521738,0.043478260869565216,2.8337119249012575,0.20288600983671812,0.20199276055596463,0.010435920106842855,0.009542617535957282,0.8115440393468725,-0.10099638027798231,0.04174368042737142,-0.004771308767978641
0.7826086956521738,0.04782608695652174,2.816920825977768,0.2040083975373325,0.20302016571346912,0.01155830780745723,0.010570022693461772,0.81603359014933,-0.10151008285673456,0.04623323122982892,-0.005285011346730886
0.7826086956521738,0.052173913043478265,2.8000999056520954,0.20514630117817112,0.20406197604665266,0.012696211448295858,0.011611833026645313,0.8205852047126845,-0.10203098802332633,0.05078484579318343,-0.0058059165133226565
0.7826086956521738,0.05652173913043478,2.783249084844911,0.20630004499560992,0.2051184931106943,0.013849955265734654,0.012668350090686953,0.8252001799824397,-0.10255924655534715,0.055399821062938615,-0.006334175045343476
0.7826086956521738,0.06086956521739131,2.7663682842957784,0.20746996230443704,0.20619002662139693,0.015019872574561777,0.013739883601389585,0.8298798492177482,-0.10309501331069847,0.06007949029824711,-0.006869941800694793
0.7826086956521738,0.06521739130434782,2.7494574245576584,0.20865639581753884,0.20727689573908747,0.016206306087663575,0.014826752719080127,0.8346255832701553,-0.10363844786954374,0.0648252243506543,-0.007413376359540064
0.7826086956521738,0.06956521739130435,2.7325164260022614,0.20985969797918616,0.20837942820708846,0.0174096082493109,0.015929285187081116,0.8394387919167446,-0.10418971410354423,0.0696384329972436,-0.007964642593540558
0.7826086956521738,0.07391304347826087,2.7155452088072156,0.21108023131260117,0.20949796096414652,0.018630141582725912,0.017047817944139176,0.8443209252504047,-0.10474898048207326,0.07452056633090365,-0.008523908972069588
0.7826086956521738,0.0782608695652174,2.6985436929748947,0.21231836878252414,0.21063284114275613,0.019868279052648874,0.01818269812274878,0.8492734751300965,-0.10531642057137806,0.0794731162105955,-0.00909134906137439
0.7826086956521738,0.08260869565217391,2.6815117983191854,0.21357449417353946,0.2117844254638246,0.021124404443664202,0.01933428244381724,0.8542979766941579,-0.1058922127319123,0.08449761777465681,-0.00966714122190862
0.7826086956521738,0.08695652173913043,2.664449444471314,0.2148490024849674,0.21295308158242254,0.02239891275509215,0.020502938562415196,0.8593960099398696,-0.10647654079121127,0.0895956510203686,-0.010251469281207598
0.7826086956521738,0.09130434782608696,2.647356550876901,0.21614230034317267,0.2141391874426973,0.023692210613297404,0.021689044422689957,0.8645692013726907,-0.10706959372134865,0.09476884245318962,-0.010844522211344979
0.7826086956521738,0.09565217391304348,2.6302330367995435,0.21745480643219364,0.21534313249338505,0.02500471670231838,0.0228929894733777,0.8698192257287746,-0.10767156624669252,0.10001886680927352,-0.01144649473668885
0.7826086956521738,0.1,2.6130788213177696,0.21878695194364844,0.2165653179307619,0.026336862213773182,0.024115174910754544,0.8751478077745938,-0.10828265896538095,0.10534744885509273,-0.012057587455377272
0.8260869565217391,0.0,3.000000001112835,0.19245008972987526,0.19245014302000735,0.0,0.0,0.769800358919501,-0.09622507151000367,0.0,0.0
0.8260869565217391,0.004347826086956522,2.983531348836711,0.19343752709925277,0.1933607426889854,0.0009874373693775085,0.0009105996689780516,0.7737501083970111,-0.0966803713444927,0.003949749477510034,-0.0004552998344890258
0.8260869565217391,0.008695652173913044,2.9670364958116244,0.19443756944065185,0.19428315563504236,0.0019874797107765907,0.0018330126150350179,0.7777502777626074,-0.09714157781752118,0.007949918843106363,-0.0009165063075175089
0.8260869565217391,0.013043478260869566,2.950515388061555,0.19545045911970224,0.1952176094988784,0.003000369389826979,0.00276746647887105,0.781801836478809,-0.0976088047494392,0.012001477559307916,-0.001383733239435525
0.8260869565217391,0.017391304347826087,2.9339679715836176,0.1964764447351734,0.19616433768521974,0.004026355005298132,0.003714194665212389,0.7859057789406936,-0.09808216884260987,0.01610542002119253,-0.0018570973326061946
0.8260869565217391,0.021739130434782608,2.917394192355179,0.1975157813203889,0.19712357981657277,0.005065691590513649,0.004673436796565428,0.7900631252815556,-0.09856178990828639,0.020262766362054596,-0.002336718398282714
0.8260869565217391,0.026086956521739132,2.9007939963323897,0.19856873055249857,0.19809558153634005,0.006118640822623311,0.0056454385163327014,0.7942749222099943,-0.09904779076817002,0.024474563290493245,-0.0028227192581663507
0.8260869565217391,0.030434782608695653,2.884167329464881,0.19963556096996854,0.1990805950231418,0.007185471240093277,0.006630452003134446,0.7985422438798742,-0.0995402975115709,0.02874188496037311,-0.003315226001567223
0.8260869565217391,0.034782608695652174,2.8675141376758098,0.20071654819866763,0.20007887923416526,0.00826645846879237,0.007628736214157911,0.8028661927946705,-0.10003943961708263,0.03306583387516948,-0.0038143681070789553
0.8260869565217391,0.0391304347826087,2.8508343668782725,0.2018119751869498,0.2010906997739645,0.009361885457074531,0.00864055675395714,0.8072479007477992,-0.10054534988698224,0.037447541828298125,-0.00432027837697857
0.8260869565217391,0.043478260869565216,2.83412796296834,0.20292213245015198,0.2021163293807967,0.010472042720276714,0.009666186360789364,0.8116885298006079,-0.10105816469039836,0.041888170881106856,-0.004833093180394682
0.8260869565217391,0.04782608695652174,2.8173948718324353,0.20404731832495157,0.20315604839885107,0.011597228595076309,0.010705905378843722,0.8161892732998063,-0.10157802419942553,0.046388914380305235,-0.005352952689421861
0.8260869565217391,0.052173913043478265,2.8006350393486037,0.20518783923404924,0.20421014454415448,0.012737749504173973,0.011760001524147135,0.8207513569361969,-0.10210507227207724,0.05095099801669589,-0.005880000762073567
0.8260869565217391,0.05652173913043478,2.7838484113746396,0.2063440099616699,0.2052789133372068,0.013893920231794643,0.01282877031719945,0.8253760398466796,-0.1026394566686034,0.05557568092717857,-0.006414385158599725
0.8260869565217391,0.06086956521739131,2.7670349337702125,0.20751615394040163,0.20636265870159207,0.015066064210526364,0.01391251568158472,0.8300646157616065,-0.10318132935079603,0.06026425684210546,-0.00695625784079236
0.8260869565217391,0.06521739130434782,2.750194552380031,0.20870460354991938,0.2074616924296842,0.016254513820044114,0.015011549409676861,0.8348184141996775,-0.1037308462148421,0.06501805528017646,-0.0075057747048384305
0.8260869565217391,0.06956521739130435,2.7333272130473625,0.2099097004281736,0.2085763355609916,0.01745961069829835,0.01612619254098424,0.8396388017126944,-0.1042881677804958,0.0698384427931934,-0.00806309627049212
0.8260869565217391,0.07391304347826087,2.71643286160904,0.21113179579565325,0.2097069179535073,0.018681706065777987,0.017256774933499947,0.844527183182613,-0.10485345897675365,0.07472682426311195,-0.008628387466749973
0.8260869565217391,0.0782608695652174,2.6995114438916192,0.21237125079336944,0.21085377867394955,0.019921161063494175,0.018403635653942207,0.8494850031734777,-0.10542688933697478,0.0796846442539767,-0.009201817826971104
0.8260869565217391,0.08260869565217391,2.6825629057270333,0.21362843683524158,0.2120172663900792,0.021178347105366313,0.019567123370071854,0.8545137473409663,-0.1060086331950396,0.08471338842146525,-0.009783561685035927
0.8260869565217391,0.08695652173913043,2.665587192941748,0.21490373597560714,0.2131977401135361,0.022453646245731873,0.020747597093528747,0.8596149439024285,-0.10659887005676805,0.08981458498292749,-0.010373798546764373
0.8260869565217391,0.09130434782608696,2.6485842513605906,0.2161975412926174,0.2143955686451004,0.023747451562742133,0.02194542562509305,0.8647901651704696,-0.1071977843225502,0.09498980625096853,-0.010972712812546526
0.8260869565217391,0.09565217391304348,2.6315540268095763,0.21751025728832665,0.215611132135448,0.02506016755845139,0.02316098911544065,0.8700410291533066,-0.107805566067724,0.10024067023380556,-0.011580494557720325
0.8260869565217391,0.1,2.6144964651240485,0.21884230030632837,0.21684482129974503,0.026392210576453107,0.02439467827973768,0.8753692012253135,-0.10842241064987251,0.10556884230581243,-0.01219733913986884
0.8695652173913043,0.0,3.000000001112835,0.19245008972987526,0.19245014302000735,0.0,0.0,0.769800358919501,-0.09622507151000367,0.0,0.0
0.8695652173913043,0.004347826086956522,2.983574677103731,0.19344073992445301,0.1933720238098178,0.0009906501945777524,0.0009218807898104531,0.7737629596978121,-0.0966860119049089,0.0039626007783110095,-0.00046094039490522654
0.8695652173913043,0.008695652173913044,2.967125972138847,0.19444386689384804,0.19430571038430763,0.001993777163972782,0.0018555673643002868,0.7777754675753922,-0.09715285519215382,0.007975108655891128,-0.0009277836821501434
0.8695652173913043,0.013043478260869566,2.9506538532888626,0.1954597064103559,0.19525142600043682,0.003009616680480637,0.002801282980429476,0.7818388256414236,-0.09762571300021841,0.012038466721922547,-0.001400641490214738
0.8695652173913043,0.017391304347826087,2.934158287717691,0.19648850019855635,0.19620940001683218,0.004038410468681086,0.0037592569968248335,0.7859540007942254,-0.09810470000841609,0.016153641874724345,-0.0018796284984124167
0.8695652173913043,0.021739130434782608,2.91763924270283,0.19753049612405754,0.1971798672345576,0.00508040639418228,0.004729724214550257,0.7901219844962302,-0.0985899336172788,0.02032162557672912,-0.0023648621072751286
0.8695652173913043,0.026086956521739132,2.9010966856322296,0.19858594838946605,0.1981630687623262,0.006135858659590793,0.005712925742318853,0.7943437935578642,-0.0990815343811631,0.02454343463836317,-0.0028564628711594264
0.8695652173913043,0.030434782608695653,2.884530584002128,0.19965511773790584,0.1991592519166534,0.007205028008030578,0.006709108896646054,0.7986204709516234,-0.0995796259583267,0.028820112032122314,-0.003354554448323027
0.8695652173913043,0.034782608695652174,2.8679409054222185,0.20073827166442834,0.2001686699945046,0.00828818193455308,0.007718526974497264,0.8029530866577134,-0.1000843349972523,0.03315272773821232,-0.003859263487248632
0.8695652173913043,0.0391304347826087,2.8513276176156235,0.2018356846356735,0.2011915832824316,0.009385594905798239,0.008741440262424266,0.807342738542694,-0.1005957916412158,0.037542379623192956,-0.004370720131212133
0.8695652173913043,0.043478260869565216,2.834690688421102,0.20294763831815837,0.20222825885552786,0.010497548588283112,0.009778115835520518,0.8117905532726335,-0.10111412942776393,0.04199019435313245,-0.004889057917760259
0.8695652173913043,0.04782608695652174,2.8180300857928455,0.2040744218155927,0.20327897078227075,0.011624332085717448,0.010828827762263404,0.8162976872623708,-0.10163948539113538,0.04649732834286979,-0.005414413881131702
0.8695652173913043,0.052173913043478265,2.8013457778116764,0.20521633191563984,0.20434400036853703,0.012766242185764581,0.011893857348529685,0.8208653276625594,-0.10217200018426852,0.051064968743058325,-0.0059469286742648425
0.8695652173913043,0.05652173913043478,2.7846377326613507,0.20637367334656437,0.20542363651716816,0.013923583616689106,0.012973493497160815,0.8254946933862575,-0.10271181825858408,0.05569433446675642,-0.0064867467485804076
0.8695652173913043,0.06086956521739131,2.7679059186679846,0.20754675904423256,0.20651817584528193,0.015096669314357297,0.014068032825274579,0.8301870361769302,-0.10325908792264096,0.06038667725742919,-0.0070340164126372895
0.8695652173913043,0.06521739130434782,2.751150304268943,0.208735910429955,0.20762792305967492,0.01628582070007975,0.015177780039667577,0.83494364171982,-0.10381396152983746,0.065143282800319,-0.007588890019833788
0.8695652173913043,0.06956521739130435,2.7343708580296884,0.20994145769968936,0.20875319106679838,0.017491367969814098,0.01630304804679103,0.8397658307987574,-0.10437659553339919,0.06996547187925639,-0.008151524023395515
0.8695652173913043,0.07391304347826087,2.717567548644212,0.21116374012514827,0.2098943016556473,0.018713650395273007,0.017444158635639945,0.8446549605005931,-0.10494715082782365,0.07485460158109203,-0.008722079317819972
0.8695652173913043,0.0782608695652174,2.7007403449349163,0.21240310636738866,0.21105158530514373,0.019953016637513393,0.018601442285136383,0.8496124254695546,-0.10552579265257186,0.07981206655005357,-0.009300721142568191
0.8695652173913043,0.08260869565217391,2.683889215853957,0.21365991480348975,0.212225381573182,0.02120982507361449,0.019775238553174646,0.854639659213959,-0.106112690786591,0.08483930029445796,-0.009887619276587323
0.8695652173913043,0.08695652173913043,2.6670141304831083,0.2149345338669616,0.2134160398332011,0.022484444137086335,0.020965896813193746,0.8597381354678464,-0.10670801991660055,0.08993777654834534,-0.010482948406596873
0.8695652173913043,0.09130434782608696,2.650115058041102,0.21622734240256233,0.21462391913113438,0.02377725267268707,0.02217377611112703,0.8649093696102493,-0.10731195956556719,0.09510901069074829,-0.011086888055563515
0.8695652173913043,0.09565217391304348,2.633191967879198,0.21753873003624088,0.21584938874682633,0.025088640306365623,0.02339924572681898,0.8701549201449635,-0.10792469437341316,0.10035456122546249,-0.01169962286340949
0.8695652173913043,0.1,2.6162448294898115,0.21886909756096187,0.21709282868993693,0.02641900783108661,0.02464268566992958,0.8754763902438475,-0.10854641434496846,0.10567603132434644,-0.01232134283496479
0.9130434782608695,0.0,3.000000001112835,0.19245008972987526,0.19245014302000735,0.0,0.0,0.769800358919501,-0.09622507151000367,0.0,0.0
0.9130434782608695,0.004347826086956522,2.983629338606263,0.19344319570698842,0.19338243506778627,0.0009931059771131623,0.0009322920477789209,0.7737727828279537,-0.09669121753389313,0.003972423908452649,-0.00046614602388946047
0.9130434782608695,0.008695652173913044,2.9672380751576273,0.19444863391636535,0.19432650555884776,0.001998544186490092,0.0018763625388404093,0.7777945356654614,-0.09716325277942388,0.007994176745960369,-0.0009381812694202046
0.9130434782608695,0.013043478260869566,2.950826196670832,0.1954666332262921,0.1952825734512001,0.0030165434964168347,0.002832430431192745,0.7818665329051684,-0.09764128672560005,0.012066173985667339,-0.0014162152155963725
0.9130434782608695,0.017391304347826087,2.93439368925717,0.19649742817311092,0.19625086337151745,0.004047338443235654,0.0038007203515101062,0.7859897126924437,-0.09812543168575873,0.016189353772942616,-0.0019003601757550531
0.9130434782608695,0.021739130434782608,2.9179405392168687,0.19754125913747894,0.19723160521313274,0.0050911694076036795,0.004781462193125391,0.7901650365499158,-0.09861580260656637,0.020364677630414718,-0.0023907310965626954
0.9130434782608695,0.026086956521739132,2.9014667330504627,0.19859837252724316,0.1982250346923607,0.006148282797367899,0.005774891672353344,0.7943934901089726,-0.09911251734618035,0.024593131189471595,-0.002887445836176672
0.9130434782608695,0.030434782608695653,2.884972257463597,0.19966902096722233,0.19923139368584605,0.00721893123734707,0.006781250665838706,0.7986760838688893,-0.09961569684292303,0.02887572494938828,-0.003390625332919353
0.9130434782608695,0.034782608695652174,2.8684570993665535,0.20075346349620263,0.2002509298926856,0.008303373766327365,0.007800786872678239,0.8030138539848105,-0.1001254649463428,0.03321349506530946,-0.0039003934363391196
0.9130434782608695,0.0391304347826087,2.8519212458713437,0.20185196577146908,0.20128389740105182,0.009401876041593815,0.008833754381044473,0.8074078630858763,-0.10064194870052591,0.03760750416637526,-0.0044168771905222365
0.9130434782608695,0.043478260869565216,2.835364684296529,0.20296480028121058,0.20233055722097404,0.010514710551335321,0.009880414200966692,0.8118592011248423,-0.10116527861048702,0.042058842205341285,-0.004940207100483346
0.9130434782608695,0.04782608695652174,2.818787402172356,0.20409224656515512,0.2033911765935947,0.01164215683527986,0.010941033573587361,0.8163689862606205,-0.10169558829679735,0.04656862734111944,-0.0054705167867936805
0.9130434782608695,0.052173913043478265,2.8021893872373873,0.2052345914438091,0.2044660300418554,0.012784501713933832,0.012015887021848054,0.8209383657752364,-0.1022330150209277,0.05113800685573533,-0.006007943510924027
0.9130434782608695,0.05652173913043478,2.785570627442837,0.20639212925669514,0.2055553990576493,0.013942039526819883,0.013105256037641955,0.8255685170267806,-0.10277769952882465,0.05576815810727953,-0.006552628018820977
0.9130434782608695,0.06086956521739131,2.7689311109485475,0.207565162110003,0.20665957284867192,0.015115072380127742,0.014209429828664577,0.830260648440012,-0.10332978642433596,0.06046028952051097,-0.0071047149143322885
0.9130434782608695,0.06521739130434782,2.7522708261359075,0.20875400013409018,0.2077788480443013,0.016303910404214916,0.015328705024293954,0.8350160005363607,-0.10388942402215065,0.06521564161685967,-0.007664352512146977
0.9130434782608695,0.06956521739130435,2.7355897616014455,0.2099589617512926,0.2089135292675753,0.01750887202141735,0.016463386247567963,0.8398358470051704,-0.10445676463378765,0.0700354880856694,-0.008231693123783981
0.9130434782608695,0.07391304347826087,2.7188879061545093,0.21118037395453035,0.21006392938260646,0.018730284224655086,0.01761378636259911,0.8447214958181214,-0.10503196469130323,0.07492113689862034,-0.008806893181299555
0.9130434782608695,0.0782608695652174,2.702165248834653,0.2124185725972185,0.21123036968200556,0.019968482867343235,0.018780226661998217,0.849674290388874,-0.10561518484100278,0.07987393146937294,-0.009390113330999109
0.9130434782608695,0.08260869565217391,2.68542177889057,0.21367390269502354,0.21241318051847802,0.021223812965148275,0.01996303749847067,0.8546956107800942,-0.10620659025923901,0.0848952518605931,-0.009981518749235335
0.9130434782608695,0.08695652173913043,2.6686574858045486,0.21494671874003213,0.2136127005526371,0.022496629010156866,0.021162557532629744,0.8597868749601285,-0.10680635027631855,0.08998651604062746,-0.010581278766314872
0.9130434782608695,0.09130434782608696,2.6518723592806355,0.21623738502793333,0.2148292785918741,0.023787295298058064,0.022379135571866743,0.8649495401117333,-0.10741463929593704,0.09514918119223226,-0.011189567785933371
0.9130434782608695,0.09565217391304348,2.635066389244041,0.21754627599884682,0.2160632729761962,0.02509618626897156,0.02361312995618886,0.8701851039953873,-0.1080316364880981,0.10038474507588624,-0.01180656497809443
0.9130434782608695,0.1,2.6182395658585427,0.21887377659246574,0.21731505166286214,0.026423686862590473,0.02486490864285479,0.8754951063698629,-0.10865752583143107,0.10569474745036189,-0.012432454321427394
0.9565217391304348,0.0,3.000000001112835,0.19245008972987526,0.19245014302000735,0.0,0.0,0.769800358919501,-0.09622507151000367,0.0,0.0
0.9565217391304348,0.004347826086956522,2.983691722800576,0.19344510792141884,0.19339217152327481,0.000995018191543573,0.0009420285032674669,0.7737804316856753,-0.09669608576163741,0.003980072766174292,-0.00047101425163373345
0.9565217391304348,0.008695652173913044,2.9673655686409774,0.1944523032914963,0.19434593753996102,0.00200221356162103,0.0018957945199536697,0.7778092131659852,-0.09717296876998051,0.00800885424648412,-0.0009478972599768348
0.9565217391304348,0.013043478260869566,2.9510215412301344,0.19547189767240508,0.19531165493192965,0.0030218079425298194,0.0028615119119222987,0.7818875906896203,-0.09765582746596482,0.012087231770119278,-0.0014307559559611494
0.9565217391304348,0.017391304347826087,2.9346596434179277,0.19650411828313397,0.19628954337341348,0.004054028553258704,0.0038394003534061305,0.7860164731325359,-0.09814477168670674,0.016216114213034816,-0.0019197001767030653
0.9565217391304348,0.021739130434782608,2.9182798783211092,0.19754919789356248,0.19727982750592749,0.0050991081636872215,0.004829684485920138,0.7901967915742499,-0.09863991375296374,0.020396432654748886,-0.002414842242960069
0.9565217391304348,0.026086956521739132,2.9018822493091267,0.19860737499470202,0.1982827376264675,0.006157285264826756,0.005832594606460156,0.7944294999788081,-0.09914136881323375,0.024629141059307025,-0.002916297303230078
0.9565217391304348,0.030434782608695653,2.8854667600145048,0.19967889397523772,0.19929850961212237,0.007228804245362458,0.006848366592115018,0.7987155759009509,-0.09964925480606118,0.02891521698144983,-0.003424183296057509
0.9565217391304348,0.034782608695652174,2.8690334143308447,0.2007640053046468,0.20032738558266333,0.008313915574771541,0.007877242562655984,0.8030560212185872,-0.10016369279133167,0.033255662299086164,-0.003938621281327992
0.9565217391304348,0.0391304347826087,2.852582216417364,0.20186296572317894,0.2013696130393482,0.009412875993303677,0.008919470019340847,0.8074518628927158,-0.1006848065196741,0.037651503973214706,-0.004459735009670424
0.9565217391304348,0.043478260869565216,2.836113170696245,0.2029760384390029,0.20242544650081154,0.010525948709127625,0.009975303480804193,0.8119041537560115,-0.10121272325040577,0.0421037948365105,-0.0049876517404020965
0.9565217391304348,0.04782608695652174,2.819626281858426,0.20410349333283415,0.20349514640645813,0.011653403602958884,0.011045003386450786,0.8164139733313366,-0.10174757320322907,0.046613614411835536,-0.005522501693225393
0.9565217391304348,0.052173913043478265,2.803121554861992,0.2052456071703793,0.20457897989993526,0.012795517440504028,0.012128836879927912,0.8209824286815172,-0.10228948994996763,0.051182069762016114,-0.006064418439963956
0.9565217391304348,0.05652173913043478,2.786598994933156,0.20640266382294586,0.20567722109980213,0.013952574093070602,0.013227078079794785,0.8256106552917835,-0.10283861054990107,0.05581029637228241,-0.0066135390398973926
0.9565217391304348,0.06086956521739131,2.770058607571497,0.2075749544965873,0.20679015105540471,0.015124864766712043,0.014340008035397367,0.8302998179863492,-0.10339507552770236,0.06049945906684817,-0.0071700040176986835
0.9565217391304348,0.06521739130434782,2.7535003985441446,0.20876277797017032,0.20791805859207843,0.016312688240295053,0.015467915572071084,0.8350511118806813,-0.10395902929603922,0.06525075296118021,-0.007733957786035542
0.9565217391304348,0.06956521739130435,2.7369243738960303,0.20996644084277236,0.2090612393903421,0.017516351112897094,0.016611096370334755,0.8398657633710894,-0.10453061969517105,0.07006540445158838,-0.008305548185167377
0.9565217391304348,0.07391304347826087,2.720330539946192,0.21118625779083947,0.2102199974570498,0.018736168060964203,0.01776985443704246,0.8447450311633579,-0.1051099987285249,0.07494467224385681,-0.00888492721852123
0.9565217391304348,0.0782608695652174,2.703718903283877,0.21242255183555553,0.21139464442602812,0.019972462105680266,0.018944501406020775,0.8496902073422221,-0.10569732221301406,0.07988984842272107,-0.009472250703010388
0.9565217391304348,0.08260869565217391,2.6870894707823783,0.21367565462090038,0.21258550069285195,0.021225564891025117,0.020135357672844606,0.8547026184836015,-0.10629275034642598,0.08490225956410047,-0.010067678836422303
0.9565217391304348,0.08695652173913043,2.6704422495953604,0.2149459067028977,0.21379289510252536,0.022495816973022442,0.021342752082518013,0.8597836268115908,-0.10689644755126268,0.08998326789208977,-0.010671376041259006
0.9565217391304348,0.09130434782608696,2.653777247145621,0.2162336578505816,0.21501716518221833,0.02378356812070634,0.022567022162210987,0.8649346314023264,-0.10750858259110917,0.09513427248282535,-0.011283511081105493
0.9565217391304348,0.09565217391304348,2.637094471149509,0.21753926735924065,0.21625865787087492,0.025089177629365383,0.023808514850867574,0.8701570694369626,-0.10812932893543746,0.10035671051746153,-0.011904257425433787
0.9565217391304348,0.1,2.6203939295970486,0.21886310437652629,0.21751772950780585,0.026413014646651023,0.0250675864877985,0.8754524175061051,-0.10875886475390292,0.10565205858660409,-0.01253379324389925
1.0,0.0,3.000000001112835,0.19245008972987526,0.19245014302000735,0.0,0.0,0.769800358919501,-0.09622507151000367,0.0,0.0
1.0,0.004347826086956522,2.9837581312243184,0.19344670038100392,0.19340144566713713,0.0009966106511286599,0.0009513026471297814,0.7737868015240157,-0.09670072283356856,0.0039864426045146395,-0.0004756513235648907
1.0,0.008695652173913044,2.967501045070224,0.19445532843911065,0.19436443599659048,0.002005238709235385,0.0019142929765831318,0.7778213137564426,-0.09718221799829524,0.00802095483694154,-0.0009571464882915659
1.0,0.013043478260869566,2.9512287598725844,0.19547618873459394,0.1953393234740097,0.003026099004718674,0.0028891804540023547,0.7819047549383757,-0.09766966173700485,0.012104396018874697,-0.0014445902270011773
1.0,0.017391304347826087,2.9349412931588406,0.19650950121143146,0.19632632216379856,0.004059411481556197,0.0038761791437912085,0.7860380048457258,-0.09816316108189928,0.016237645926224786,-0.0019380895718956043
1.0,0.021739130434782608,2.918638662731655,0.19755549107994008,0.19732565171135696,0.00510540135006482,0.004875508691349617,0.7902219643197603,-0.09866282585567848,0.02042160540025928,-0.0024377543456748085
1.0,0.026086956521739132,2.902320886694218,0.19861438897504297,0.19833753657059197,0.006164299245167704,0.005887393550584624,0.7944575559001719,-0.09916876828529599,0.024657196980670815,-0.002943696775292312
1.0,0.030434782608695653,2.885987983444819,0.19968643112027748,0.19936220716126365,0.007236341390402218,0.006912064141256308,0.7987457244811099,-0.09968110358063183,0.02894536556160887,-0.003456032070628154
1.0,0.034782608695652174,2.8696399716661443,0.2007718594977872,0.20039989898279462,0.008321769767911935,0.00794975596278727,0.8030874379911488,-0.10019994949139731,0.03328707907164774,-0.003974877981393635
1.0,0.0391304347826087,2.853276870345118,0.20187092202455537,0.20145085381737202,0.009420832294680104,0.00900071079736467,0.8074836880982215,-0.10072542690868601,0.037683329178720415,-0.004500355398682335
1.0,0.043478260869565216,2.8368986987571887,0.20298387273514834,0.20251531914406817,0.010533783005273079,0.010065176124060826,0.8119354909405934,-0.10125765957203409,0.042135132021092314,-0.005032588062030413
1.0,0.04782608695652174,2.8205054764799766,0.20411097197125092,0.2035935482702524,0.011660882241375653,0.011143405250245042,0.8164438878850037,-0.1017967741351262,0.04664352896550261,-0.005571702625122521
1.0,0.052173913043478265,2.8040972233839296,0.20525248657829112,0.20468580156337693,0.012802396848415859,0.012235658543369582,0.8210099463131645,-0.10234290078168846,0.051209587393663436,-0.006117829271684791
1.0,0.05652173913043478,2.7876739596417184,0.20640869010946414,0.20579234521940246,0.013958600379588876,0.013342202199395109,0.8256347604378566,-0.10289617260970123,0.0558344015183555,-0.0066711010996975545
1.0,0.06086956521739131,2.7712357057242567,0.20757986303748358,0.20691345263155897,0.015129773307608313,0.014463309611551622,0.8303194521499343,-0.10345672631577948,0.06051909323043325,-0.007231654805775811
1.0,0.06521739130434782,2.7547824824020077,0.2087662929744031,0.20804940408962772,0.016316203244527844,0.015599261069620368,0.8350651718976124,-0.10402470204481386,0.06526481297811138,-0.007799630534810184
1.0,0.06956521739130435,2.738314310744033,0.20996827489986972,0.2092004866891931,0.017518185169994455,0.016750343669185763,0.8398730995994789,-0.10460024334459656,0.07007274067997782,-0.008375171834592882
1.0,0.07391304347826087,2.721831212125983,0.21118611139818827,0.21036699539598533,0.018736021668313008,0.017916852375977982,0.8447444455927531,-0.10518349769799266,0.07494408667325203,-0.008958426187988991
1.0,0.0782608695652174,2.705333208225602,0.21242011290459706,0.21154923262894676,0.019970023174721796,0.019099089608939412,0.8496804516183882,-0.10577461631447338,0.07988009269888718,-0.009549544804469706
1.0,0.08260869565217391,2.688820321017979,0.2136705979611739,0.21274750861592265,0.021220508231298646,0.0202973655959153,0.8546823918446956,-0.10637375430796132,0.08488203292519458,-0.01014868279795765
1.0,0.08695652173913043,2.672292572793057,0.21493789348281622,0.21396214191402071,0.02248780375294096,0.021511998894013368,0.8597515739312649,-0.10698107095701036,0.08995121501176384,-0.010755999447006684
1.0,0.09130434782608696,2.655749986135012,0.2162223350337596,0.21519345928472883,0.023772245303884332,0.02274331626472148,0.8648893401350384,-0.10759672964236441,0.09508898121553733,-0.01137165813236074
1.0,0.09565217391304348,2.6391925839389687,0.21752426711512582,0.21644179638074712,0.025074177385250557,0.023991653360739773,0.8700970684605033,-0.10822089819037356,0.10029670954100223,-0.011995826680369887
1.0,0.1,2.622620389408596,0.21884404346401728,0.21770749788616028,0.026393953734142023,0.025257354866152937,0.8753761738560691,-0.10885374894308014,0.10557581493656809,-0.012628677433076468
